Date,Open,Close
2019-01-02,10868.849609375,10792.5
2019-01-03,10796.7998046875,10672.25
2019-01-04,10699.7001953125,10727.349609375
2019-01-07,10804.849609375,10771.7998046875
2019-01-08,10786.25,10802.150390625
2019-01-09,10862.400390625,10855.150390625
2019-01-10,10859.349609375,10821.599609375
2019-01-11,10834.75,10794.9501953125
2019-01-14,10807.0,10737.599609375
2019-01-15,10777.5498046875,10886.7998046875
2019-01-16,10899.650390625,10890.2998046875
2019-01-17,10920.849609375,10905.2001953125
2019-01-18,10914.849609375,10906.9501953125
2019-01-21,10919.349609375,10961.849609375
2019-01-22,10949.7998046875,10922.75
2019-01-23,10931.0498046875,10831.5
2019-01-24,10844.0498046875,10849.7998046875
2019-01-25,10859.75,10780.5498046875
2019-01-28,10792.4501953125,10661.5498046875
2019-01-29,10653.7001953125,10652.2001953125
2019-01-30,10702.25,10651.7998046875
2019-01-31,10690.5498046875,10830.9501953125
2019-02-01,10851.349609375,10893.650390625
2019-02-04,10876.75,10912.25
2019-02-05,10908.650390625,10934.349609375
2019-02-06,10965.099609375,11062.4501953125
2019-02-07,11070.4501953125,11069.400390625
2019-02-08,11023.5,10943.599609375
2019-02-11,10930.900390625,10888.7998046875
2019-02-12,10879.7001953125,10831.400390625
2019-02-14,10786.099609375,10746.0498046875
2019-02-15,10780.25,10724.400390625
2019-02-18,10738.650390625,10640.9501953125
2019-02-19,10636.7001953125,10604.349609375
2019-02-20,10655.4501953125,10735.4501953125
2019-02-21,10744.099609375,10789.849609375
2019-02-22,10782.7001953125,10791.650390625
2019-02-25,10813.25,10880.099609375
2019-02-26,10775.2998046875,10835.2998046875
2019-02-27,10881.2001953125,10806.650390625
2019-02-28,10865.7001953125,10792.5
2019-03-01,10842.650390625,10863.5
2019-03-05,10864.849609375,10987.4501953125
2019-03-06,11024.849609375,11053.0
2019-03-07,11077.9501953125,11058.2001953125
2019-03-08,11038.849609375,11035.400390625
2019-03-11,11068.75,11168.0498046875
2019-03-12,11231.349609375,11301.2001953125
2019-03-13,11326.2001953125,11341.7001953125
2019-03-14,11382.5,11343.25
2019-03-15,11376.849609375,11426.849609375
2019-03-18,11473.849609375,11462.2001953125
2019-03-19,11500.2998046875,11532.400390625
2019-03-20,11553.349609375,11521.0498046875
2019-03-22,11549.2001953125,11456.900390625
2019-03-25,11395.650390625,11354.25
2019-03-26,11375.2001953125,11483.25
2019-03-27,11531.4501953125,11445.0498046875
2019-03-28,11463.650390625,11570.0
2019-04-01,11665.2001953125,11669.150390625
2019-04-02,11711.5498046875,11713.2001953125
2019-04-03,11735.2998046875,11643.9501953125
2019-04-04,11660.2001953125,11598.0
2019-04-05,11638.400390625,11665.9501953125
2019-04-08,11704.349609375,11604.5
2019-04-09,11612.0498046875,11671.9501953125
2019-04-10,11646.849609375,11584.2998046875
2019-04-11,11592.5498046875,11596.7001953125
2019-04-12,11612.849609375,11643.4501953125
2019-04-15,11667.0,11690.349609375
2019-04-16,11736.2001953125,11787.150390625
2019-04-18,11856.150390625,11752.7998046875
2019-04-22,11727.0498046875,11594.4501953125
2019-04-23,11612.9501953125,11575.9501953125
2019-04-24,11601.5,11726.150390625
2019-04-25,11735.7001953125,11641.7998046875
2019-04-26,11683.75,11754.650390625
2019-04-30,11748.75,11748.150390625
2019-05-02,11725.5498046875,11724.75
2019-05-03,11722.599609375,11712.25
2019-05-06,11605.7998046875,11598.25
2019-05-07,11651.5,11497.900390625
2019-05-08,11478.7001953125,11359.4501953125
2019-05-09,11322.400390625,11301.7998046875
2019-05-10,11314.150390625,11278.900390625
2019-05-13,11258.7001953125,11148.2001953125
2019-05-14,11151.650390625,11222.0498046875
2019-05-15,11271.7001953125,11157.0
2019-05-16,11180.349609375,11257.099609375
2019-05-17,11261.900390625,11407.150390625
2019-05-20,11651.900390625,11828.25
2019-05-21,11863.650390625,11709.099609375
2019-05-22,11727.9501953125,11737.900390625
2019-05-23,11901.2998046875,11657.0498046875
2019-05-24,11748.0,11844.099609375
2019-05-27,11855.5,11924.75
2019-05-28,11958.349609375,11928.75
2019-05-29,11905.7998046875,11861.099609375
2019-05-30,11865.2998046875,11945.900390625
2019-05-31,11999.7998046875,11922.7998046875
2019-06-03,11953.75,12088.5498046875
2019-06-04,12052.650390625,12021.650390625
2019-06-06,12039.7998046875,11843.75
2019-06-07,11865.2001953125,11870.650390625
2019-06-10,11934.900390625,11922.7001953125
2019-06-11,11959.849609375,11965.599609375
2019-06-12,11962.4501953125,11906.2001953125
2019-06-13,11873.900390625,11914.0498046875
2019-06-14,11910.099609375,11823.2998046875
2019-06-17,11844.0,11672.150390625
2019-06-18,11677.0498046875,11691.5
2019-06-19,11744.4501953125,11691.4501953125
2019-06-20,11653.650390625,11831.75
2019-06-21,11827.599609375,11724.099609375
2019-06-24,11725.7998046875,11699.650390625
2019-06-25,11681.0,11796.4501953125
2019-06-26,11768.150390625,11847.5498046875
2019-06-27,11860.849609375,11841.5498046875
2019-06-28,11861.150390625,11788.849609375
2019-07-01,11839.900390625,11865.599609375
2019-07-02,11890.2998046875,11910.2998046875
2019-07-03,11932.150390625,11916.75
2019-07-04,11928.7998046875,11946.75
2019-07-05,11964.75,11811.150390625
2019-07-08,11770.400390625,11558.599609375
2019-07-09,11531.599609375,11555.900390625
2019-07-10,11536.150390625,11498.900390625
2019-07-11,11561.4501953125,11582.900390625
2019-07-12,11601.150390625,11552.5
2019-07-15,11614.75,11588.349609375
2019-07-16,11596.650390625,11662.599609375
2019-07-17,11670.75,11687.5
2019-07-18,11675.599609375,11596.900390625
2019-07-19,11627.9501953125,11419.25
2019-07-22,11392.849609375,11346.2001953125
2019-07-23,11372.25,11331.0498046875
2019-07-24,11322.4501953125,11271.2998046875
2019-07-25,11290.400390625,11252.150390625
2019-07-26,11247.4501953125,11284.2998046875
2019-07-29,11307.5,11189.2001953125
2019-07-30,11213.7001953125,11085.400390625
2019-07-31,11034.0498046875,11118.0
2019-08-01,11060.2001953125,10980.0
2019-08-02,10930.2998046875,10997.349609375
2019-08-05,10895.7998046875,10862.599609375
2019-08-06,10815.400390625,10948.25
2019-08-07,10958.099609375,10855.5
2019-08-08,10899.2001953125,11032.4501953125
2019-08-09,11087.900390625,11109.650390625
2019-08-13,11139.400390625,10925.849609375
2019-08-14,11003.25,11029.400390625
2019-08-16,11043.650390625,11047.7998046875
2019-08-19,11094.7998046875,11053.900390625
2019-08-20,11063.900390625,11017.0
2019-08-21,11018.150390625,10918.7001953125
2019-08-22,10905.2998046875,10741.349609375
2019-08-23,10699.599609375,10829.349609375
2019-08-26,11000.2998046875,11057.849609375
2019-08-27,11106.5498046875,11105.349609375
2019-08-28,11101.2998046875,11046.099609375
2019-08-29,10996.0498046875,10948.2998046875
2019-08-30,10987.7998046875,11023.25
2019-09-03,10960.9501953125,10797.900390625
2019-09-04,10790.400390625,10844.650390625
2019-09-05,10860.9501953125,10847.900390625
2019-09-06,10883.7998046875,10946.2001953125
2019-09-09,10936.7001953125,11003.0498046875
2019-09-11,11028.5,11035.7001953125
2019-09-12,11058.2998046875,10982.7998046875
2019-09-13,10986.7998046875,11075.900390625
2019-09-16,10994.849609375,11003.5
2019-09-17,11000.099609375,10817.599609375
2019-09-18,10872.7998046875,10840.650390625
2019-09-19,10845.2001953125,10704.7998046875
2019-09-20,10746.7998046875,11274.2001953125
2019-09-23,11542.7001953125,11600.2001953125
2019-09-24,11590.7001953125,11588.2001953125
2019-09-25,11564.849609375,11440.2001953125
2019-09-26,11469.849609375,11571.2001953125
2019-09-27,11556.349609375,11512.400390625
2019-09-30,11491.150390625,11474.4501953125
2019-10-01,11515.400390625,11359.900390625
2019-10-03,11322.25,11314.0
2019-10-04,11388.4501953125,11174.75
2019-10-07,11196.2001953125,11126.400390625
2019-10-09,11152.9501953125,11313.2998046875
2019-10-10,11280.5,11234.5498046875
2019-10-11,11257.7001953125,11305.0498046875
2019-10-14,11335.900390625,11341.150390625
2019-10-15,11360.849609375,11428.2998046875
2019-10-16,11464.9501953125,11464.0
2019-10-17,11466.2998046875,11586.349609375
2019-10-18,11580.2998046875,11661.849609375
2019-10-22,11657.150390625,11588.349609375
2019-10-23,11596.2001953125,11604.099609375
2019-10-24,11661.650390625,11582.599609375
2019-10-25,11646.150390625,11583.900390625
2019-10-29,11643.9501953125,11786.849609375
2019-10-30,11883.900390625,11844.099609375
2019-10-31,11890.4501953125,11877.4501953125
2019-11-01,11886.599609375,11890.599609375
2019-11-04,11928.900390625,11941.2998046875
2019-11-05,11974.599609375,11917.2001953125
2019-11-06,11911.5,11966.0498046875
2019-11-07,12021.099609375,12012.0498046875
2019-11-08,11987.150390625,11908.150390625
2019-11-11,11879.2001953125,11913.4501953125
2019-11-13,11908.2998046875,11840.4501953125
2019-11-14,11858.75,11872.099609375
2019-11-15,11904.2001953125,11895.4501953125
2019-11-18,11915.150390625,11884.5
2019-11-19,11919.4501953125,11940.099609375
2019-11-20,12004.75,11999.099609375
2019-11-21,12025.650390625,11968.400390625
2019-11-22,11967.2998046875,11914.400390625
2019-11-25,11922.4501953125,12073.75
2019-11-26,12110.2001953125,12037.7001953125
2019-11-27,12068.5,12100.7001953125
2019-11-28,12132.099609375,12151.150390625
2019-11-29,12146.2001953125,12056.0498046875
2019-12-02,12137.0498046875,12048.2001953125
2019-12-03,12067.650390625,11994.2001953125
2019-12-04,11969.9501953125,12043.2001953125
2019-12-05,12071.25,12018.400390625
2019-12-06,12047.349609375,11921.5
2019-12-09,11939.099609375,11937.5
2019-12-10,11950.5,11856.7998046875
2019-12-11,11867.349609375,11910.150390625
2019-12-12,11944.2998046875,11971.7998046875
2019-12-13,12026.400390625,12086.7001953125
2019-12-16,12131.349609375,12053.9501953125
2019-12-17,12082.4501953125,12165.0
2019-12-18,12197.0,12221.650390625
2019-12-19,12223.400390625,12259.7001953125
2019-12-20,12266.4501953125,12271.7998046875
2019-12-23,12235.4501953125,12262.75
2019-12-24,12269.25,12214.5498046875
2019-12-26,12211.849609375,12126.5498046875
2019-12-27,12172.900390625,12245.7998046875
2019-12-30,12274.900390625,12255.849609375
2019-12-31,12247.099609375,12168.4501953125
2020-01-01,12202.150390625,12182.5
2020-01-02,12198.5498046875,12282.2001953125
2020-01-03,12261.099609375,12226.650390625
2020-01-06,12170.599609375,11993.0498046875
2020-01-07,12079.099609375,12052.9501953125
2020-01-08,11939.099609375,12025.349609375
2020-01-09,12153.150390625,12215.900390625
2020-01-10,12271.0,12256.7998046875
2020-01-13,12296.7001953125,12329.5498046875
2020-01-14,12333.099609375,12362.2998046875
2020-01-15,12349.400390625,12343.2998046875
2020-01-16,12347.099609375,12355.5
2020-01-17,12328.400390625,12352.349609375
2020-01-20,12430.5,12224.5498046875
2020-01-21,12195.2998046875,12169.849609375
2020-01-22,12218.349609375,12106.900390625
2020-01-23,12123.75,12180.349609375
2020-01-24,12174.5498046875,12248.25
2020-01-27,12197.099609375,12119.0
2020-01-28,12148.099609375,12055.7998046875
2020-01-29,12114.900390625,12129.5
2020-01-30,12147.75,12035.7998046875
2020-01-31,12100.400390625,11962.099609375
2020-02-03,11627.4501953125,11707.900390625
2020-02-04,11786.25,11979.650390625
2020-02-05,12005.849609375,12089.150390625
2020-02-06,12120.0,12137.9501953125
2020-02-07,12151.150390625,12098.349609375
2020-02-10,12102.349609375,12031.5
2020-02-11,12108.400390625,12107.900390625
2020-02-12,12151.0,12201.2001953125
2020-02-13,12219.5498046875,12174.650390625
2020-02-14,12190.150390625,12113.4501953125
2020-02-17,12131.7998046875,12045.7998046875
2020-02-18,12028.25,11992.5
2020-02-19,12090.599609375,12125.900390625
2020-02-20,12119.0,12080.849609375
2020-02-24,12012.5498046875,11829.400390625
2020-02-25,11877.5,11797.900390625
2020-02-26,11738.5498046875,11678.5
2020-02-27,11661.25,11633.2998046875
2020-02-28,11382.0,11201.75
2020-03-02,11387.349609375,11132.75
2020-03-03,11217.5498046875,11303.2998046875
2020-03-04,11351.349609375,11251.0
2020-03-05,11306.0498046875,11269.0
2020-03-06,10942.650390625,10989.4501953125
2020-03-09,10742.0498046875,10451.4501953125
2020-03-11,10334.2998046875,10458.400390625
2020-03-12,10039.9501953125,9590.150390625
2020-03-13,9107.599609375,9955.2001953125
2020-03-16,9587.7998046875,9197.400390625
2020-03-17,9285.400390625,8967.0498046875
2020-03-18,9088.4501953125,8468.7998046875
2020-03-19,8063.2998046875,8263.4501953125
2020-03-20,8284.4501953125,8745.4501953125
2020-03-23,7945.7001953125,7610.25
2020-03-24,7848.2998046875,7801.0498046875
2020-03-25,7735.14990234375,8317.849609375
2020-03-26,8451.0,8641.4501953125
2020-03-27,8949.099609375,8660.25
2020-03-30,8385.9501953125,8281.099609375
2020-03-31,8529.349609375,8597.75
2020-04-01,8584.099609375,8253.7998046875
2020-04-03,8356.5498046875,8083.7998046875
2020-04-07,8446.2998046875,8792.2001953125
2020-04-08,8688.900390625,8748.75
2020-04-09,8973.0498046875,9111.900390625
2020-04-13,9103.9501953125,8993.849609375
2020-04-15,9196.400390625,8925.2998046875
2020-04-16,8851.25,8992.7998046875
2020-04-17,9323.4501953125,9266.75
2020-04-20,9390.2001953125,9261.849609375
2020-04-21,9016.9501953125,8981.4501953125
2020-04-22,9026.75,9187.2998046875
2020-04-23,9232.349609375,9313.900390625
2020-04-24,9163.900390625,9154.400390625
2020-04-27,9259.7001953125,9282.2998046875
2020-04-28,9389.7998046875,9380.900390625
2020-04-29,9408.599609375,9553.349609375
2020-04-30,9753.5,9859.900390625
2020-05-04,9533.5,9293.5
2020-05-05,9429.400390625,9205.599609375
2020-05-06,9226.7998046875,9270.900390625
2020-05-07,9234.0498046875,9199.0498046875
2020-05-08,9376.9501953125,9251.5
2020-05-11,9348.150390625,9239.2001953125
2020-05-12,9168.849609375,9196.5498046875
2020-05-13,9584.2001953125,9383.5498046875
2020-05-14,9213.9501953125,9142.75
2020-05-15,9182.400390625,9136.849609375
2020-05-18,9158.2998046875,8823.25
2020-05-19,8961.7001953125,8879.099609375
2020-05-20,8889.150390625,9066.5498046875
2020-05-21,9079.4501953125,9106.25
2020-05-22,9067.900390625,9039.25
2020-05-26,9099.75,9029.0498046875
2020-05-27,9082.2001953125,9314.9501953125
2020-05-28,9364.9501953125,9490.099609375
2020-05-29,9422.2001953125,9580.2998046875
2020-06-01,9726.849609375,9826.150390625
2020-06-02,9880.849609375,9979.099609375
2020-06-03,10108.2998046875,10061.5498046875
2020-06-04,10054.25,10029.099609375
2020-06-05,10093.7998046875,10142.150390625
2020-06-08,10326.75,10167.4501953125
2020-06-09,10181.150390625,10046.650390625
2020-06-10,10072.599609375,10116.150390625
2020-06-11,10094.099609375,9902.0
2020-06-12,9544.9501953125,9972.900390625
2020-06-15,9919.349609375,9813.7001953125
2020-06-16,10014.7998046875,9914.0
2020-06-17,9876.7001953125,9881.150390625
2020-06-18,9863.25,10091.650390625
2020-06-19,10119.0,10244.400390625
2020-06-22,10318.75,10311.2001953125
2020-06-23,10347.9501953125,10471.0
2020-06-24,10529.25,10305.2998046875
2020-06-25,10235.5498046875,10288.900390625
2020-06-26,10378.900390625,10383.0
2020-06-29,10311.9501953125,10312.400390625
2020-06-30,10382.599609375,10302.099609375
2020-07-01,10323.7998046875,10430.0498046875
2020-07-02,10493.0498046875,10551.7001953125
2020-07-03,10614.9501953125,10607.349609375
2020-07-06,10723.849609375,10763.650390625
2020-07-07,10802.849609375,10799.650390625
2020-07-08,10818.650390625,10705.75
2020-07-09,10755.5498046875,10813.4501953125
2020-07-10,10764.099609375,10768.0498046875
2020-07-13,10851.849609375,10802.7001953125
2020-07-14,10750.849609375,10607.349609375
2020-07-15,10701.0,10618.2001953125
2020-07-16,10706.2001953125,10739.9501953125
2020-07-17,10752.0,10901.7001953125
2020-07-20,10999.4501953125,11022.2001953125
2020-07-21,11126.099609375,11162.25
2020-07-22,11231.2001953125,11132.599609375
2020-07-23,11135.0,11215.4501953125
2020-07-24,11149.9501953125,11194.150390625
2020-07-27,11225.0,11131.7998046875
2020-07-28,11154.099609375,11300.5498046875
2020-07-29,11276.900390625,11202.849609375
2020-07-30,11254.2998046875,11102.150390625
2020-07-31,11139.5,11073.4501953125
2020-08-03,11057.5498046875,10891.599609375
2020-08-04,10946.650390625,11095.25
2020-08-05,11155.75,11101.650390625
2020-08-06,11185.7001953125,11200.150390625
2020-08-07,11186.650390625,11214.0498046875
2020-08-10,11270.25,11270.150390625
2020-08-11,11322.25,11322.5
2020-08-12,11289.0,11308.400390625
2020-08-13,11334.849609375,11300.4501953125
2020-08-14,11353.2998046875,11178.400390625
2020-08-17,11248.900390625,11247.099609375
2020-08-18,11259.7998046875,11385.349609375
2020-08-19,11452.150390625,11408.400390625
2020-08-20,11317.4501953125,11312.2001953125
2020-08-21,11409.650390625,11371.599609375
2020-08-24,11412.0,11466.4501953125
2020-08-25,11513.099609375,11472.25
2020-08-26,11512.849609375,11549.599609375
2020-08-27,11609.2998046875,11559.25
2020-08-28,11602.9501953125,11647.599609375
2020-08-31,11777.5498046875,11387.5
2020-09-01,11464.2998046875,11470.25
2020-09-02,11478.5498046875,11535.0
2020-09-03,11566.2001953125,11527.4501953125
2020-09-04,11354.400390625,11333.849609375
2020-09-07,11359.599609375,11355.0498046875
2020-09-08,11378.5498046875,11317.349609375
2020-09-09,11218.599609375,11278.0
2020-09-10,11363.2998046875,11449.25
2020-09-11,11447.7998046875,11464.4501953125
2020-09-14,11540.150390625,11440.0498046875
2020-09-15,11487.2001953125,11521.7998046875
2020-09-16,11538.4501953125,11604.5498046875
2020-09-17,11539.400390625,11516.099609375
2020-09-18,11584.099609375,11504.9501953125
2020-09-21,11503.7998046875,11250.5498046875
2020-09-22,11301.75,11153.650390625
2020-09-23,11258.75,11131.849609375
2020-09-24,11011.0,10805.5498046875
2020-09-25,10910.400390625,11050.25
2020-09-28,11140.849609375,11227.5498046875
2020-09-29,11288.599609375,11222.400390625
2020-09-30,11244.4501953125,11247.5498046875
2020-10-01,11364.4501953125,11416.9501953125
2020-10-05,11487.7998046875,11503.349609375
2020-10-06,11603.4501953125,11662.400390625
2020-10-07,11679.25,11738.849609375
2020-10-08,11835.400390625,11834.599609375
2020-10-09,11852.0498046875,11914.2001953125
2020-10-12,11973.5498046875,11930.9501953125
2020-10-13,11934.650390625,11934.5
2020-10-14,11917.400390625,11971.0498046875
2020-10-15,12023.4501953125,11680.349609375
2020-10-16,11727.400390625,11762.4501953125
2020-10-19,11879.2001953125,11873.0498046875
2020-10-20,11861.0,11896.7998046875
2020-10-21,11958.5498046875,11937.650390625
2020-10-22,11890.0,11896.4501953125
2020-10-23,11957.900390625,11930.349609375
2020-10-26,11937.400390625,11767.75
2020-10-27,11807.099609375,11889.400390625
2020-10-28,11922.599609375,11729.599609375
2020-10-29,11633.2998046875,11670.7998046875
2020-10-30,11678.4501953125,11642.400390625
2020-11-02,11697.349609375,11669.150390625
2020-11-03,11734.4501953125,11813.5
2020-11-04,11783.349609375,11908.5
2020-11-05,12062.400390625,12120.2998046875
2020-11-06,12156.650390625,12263.5498046875
2020-11-09,12399.400390625,12461.0498046875
2020-11-10,12556.400390625,12631.099609375
2020-11-11,12680.599609375,12749.150390625
2020-11-12,12702.150390625,12690.7998046875
2020-11-13,12659.7001953125,12719.9501953125
2020-11-17,12932.5,12874.2001953125
2020-11-18,12860.099609375,12938.25
2020-11-19,12839.5,12771.7001953125
2020-11-20,12813.400390625,12859.0498046875
2020-11-23,12960.2998046875,12926.4501953125
2020-11-24,13002.599609375,13055.150390625
2020-11-25,13130.0,12858.400390625
2020-11-26,12906.4501953125,12987.0
2020-11-27,13012.0498046875,12968.9501953125
2020-12-01,13062.2001953125,13109.0498046875
2020-12-02,13121.400390625,13113.75
2020-12-03,13215.2998046875,13133.900390625
2020-12-04,13177.400390625,13258.5498046875
2020-12-07,13264.849609375,13355.75
2020-12-08,13393.849609375,13392.9501953125
2020-12-09,13458.099609375,13529.099609375
2020-12-10,13488.5,13478.2998046875
2020-12-11,13512.2998046875,13513.849609375
2020-12-14,13571.4501953125,13558.150390625
2020-12-15,13547.2001953125,13567.849609375
2020-12-16,13663.099609375,13682.7001953125
2020-12-17,13713.5498046875,13740.7001953125
2020-12-18,13764.400390625,13760.5498046875
2020-12-21,13741.900390625,13328.400390625
2020-12-22,13373.650390625,13466.2998046875
2020-12-23,13473.5,13601.099609375
2020-12-24,13672.150390625,13749.25
2020-12-28,13815.150390625,13873.2001953125
2020-12-29,13910.349609375,13932.599609375
2020-12-30,13980.900390625,13981.9501953125
2020-12-31,13970.0,13981.75
2021-01-01,13996.099609375,14018.5
2021-01-04,14104.349609375,14132.900390625
2021-01-05,14075.150390625,14199.5
2021-01-06,14240.9501953125,14146.25
2021-01-07,14253.75,14137.349609375
2021-01-08,14258.400390625,14347.25
2021-01-11,14474.0498046875,14484.75
2021-01-12,14473.7998046875,14563.4501953125
2021-01-13,14639.7998046875,14564.849609375
2021-01-14,14550.0498046875,14595.599609375
2021-01-15,14594.349609375,14433.7001953125
2021-01-18,14453.2998046875,14281.2998046875
2021-01-19,14371.650390625,14521.150390625
2021-01-20,14538.2998046875,14644.7001953125
2021-01-21,14730.9501953125,14590.349609375
2021-01-22,14583.400390625,14371.900390625
2021-01-25,14477.7998046875,14238.900390625
2021-01-27,14237.9501953125,13967.5
2021-01-28,13810.400390625,13817.5498046875
2021-01-29,13946.599609375,13634.599609375
2021-02-01,13758.599609375,14281.2001953125
2021-02-02,14481.099609375,14647.849609375
2021-02-03,14754.900390625,14789.9501953125
2021-02-04,14789.0498046875,14895.650390625
2021-02-05,14952.599609375,14924.25
2021-02-08,15064.2998046875,15115.7998046875
2021-02-09,15164.150390625,15109.2998046875
2021-02-10,15119.0498046875,15106.5
2021-02-11,15073.25,15173.2998046875
2021-02-12,15186.2001953125,15163.2998046875
2021-02-15,15270.2998046875,15314.7001953125
2021-02-16,15371.4501953125,15313.4501953125
2021-02-17,15279.900390625,15208.900390625
2021-02-18,15238.7001953125,15118.9501953125
2021-02-19,15074.7998046875,14981.75
2021-02-22,14999.0498046875,14675.7001953125
2021-02-23,14782.25,14707.7998046875
2021-02-24,14729.150390625,14982.0
2021-02-25,15079.849609375,15097.349609375
2021-02-26,14888.599609375,14529.150390625
2021-03-01,14702.5,14761.5498046875
2021-03-02,14865.2998046875,14919.099609375
2021-03-03,15064.400390625,15245.599609375
2021-03-04,15026.75,15080.75
2021-03-05,14977.9501953125,14938.099609375
2021-03-08,15002.4501953125,14956.2001953125
2021-03-09,15049.900390625,15098.400390625
2021-03-10,15202.150390625,15174.7998046875
2021-03-12,15321.150390625,15030.9501953125
2021-03-15,15048.400390625,14929.5
2021-03-16,14996.099609375,14910.4501953125
2021-03-17,14946.5498046875,14721.2998046875
2021-03-18,14855.5,14557.849609375
2021-03-19,14471.150390625,14744.0
2021-03-22,14736.2998046875,14736.400390625
2021-03-23,14768.5498046875,14814.75
2021-03-24,14712.4501953125,14549.400390625
2021-03-25,14570.900390625,14324.900390625
2021-03-26,14506.2998046875,14507.2998046875
2021-03-30,14628.5,14845.099609375
2021-03-31,14811.849609375,14690.7001953125
2021-04-01,14798.400390625,14867.349609375
2021-04-05,14837.7001953125,14637.7998046875
2021-04-06,14737.0,14683.5
2021-04-07,14716.4501953125,14819.0498046875
2021-04-08,14875.650390625,14873.7998046875
2021-04-09,14882.650390625,14834.849609375
2021-04-12,14644.650390625,14310.7998046875
2021-04-13,14364.900390625,14504.7998046875
2021-04-15,14522.400390625,14581.4501953125
2021-04-16,14599.599609375,14617.849609375
2021-04-19,14306.599609375,14359.4501953125
2021-04-20,14526.7001953125,14296.400390625
2021-04-22,14219.150390625,14406.150390625
2021-04-23,14326.349609375,14341.349609375
2021-04-26,14449.4501953125,14485.0
2021-04-27,14493.7998046875,14653.0498046875
2021-04-28,14710.5,14864.5498046875
2021-04-29,14979.0,14894.900390625
2021-04-30,14747.349609375,14631.099609375
2021-05-03,14481.0498046875,14634.150390625
2021-05-04,14687.25,14496.5
2021-05-05,14604.150390625,14617.849609375
2021-05-06,14668.349609375,14724.7998046875
2021-05-07,14816.849609375,14823.150390625
2021-05-10,14928.25,14942.349609375
2021-05-11,14789.7001953125,14850.75
2021-05-12,14823.5498046875,14696.5
2021-05-14,14749.400390625,14677.7998046875
2021-05-17,14756.25,14923.150390625
2021-05-18,15067.2001953125,15108.099609375
2021-05-19,15058.599609375,15030.150390625
2021-05-20,15042.599609375,14906.0498046875
2021-05-21,14987.7998046875,15175.2998046875
2021-05-24,15211.349609375,15197.7001953125
2021-05-25,15291.75,15208.4501953125
2021-05-26,15257.0498046875,15301.4501953125
2021-05-27,15323.9501953125,15337.849609375
2021-05-28,15421.2001953125,15435.650390625
2021-05-31,15437.75,15582.7998046875
2021-06-01,15629.650390625,15574.849609375
2021-06-02,15520.349609375,15576.2001953125
2021-06-03,15655.5498046875,15690.349609375
2021-06-04,15712.5,15670.25
2021-06-07,15725.099609375,15751.650390625
2021-06-08,15773.900390625,15740.099609375
2021-06-09,15766.2998046875,15635.349609375
2021-06-10,15692.099609375,15737.75
2021-06-11,15796.4501953125,15799.349609375
2021-06-14,15791.400390625,15811.849609375
2021-06-15,15866.9501953125,15869.25
2021-06-16,15847.5,15767.5498046875
2021-06-17,15648.2998046875,15691.400390625
2021-06-18,15756.5,15683.349609375
2021-06-21,15525.849609375,15746.5
2021-06-22,15840.5,15772.75
2021-06-23,15862.7998046875,15686.9501953125
2021-06-24,15737.2998046875,15790.4501953125
2021-06-25,15839.349609375,15860.349609375
2021-06-28,15915.349609375,15814.7001953125
2021-06-29,15807.5,15748.4501953125
2021-06-30,15776.900390625,15721.5
2021-07-01,15755.0498046875,15680.0
2021-07-02,15705.849609375,15722.2001953125
2021-07-05,15793.400390625,15834.349609375
2021-07-06,15813.75,15818.25
2021-07-07,15819.599609375,15879.650390625
2021-07-08,15855.400390625,15727.900390625
2021-07-09,15688.25,15689.7998046875
2021-07-12,15766.7998046875,15692.599609375
2021-07-13,15794.0,15812.349609375
2021-07-14,15808.7001953125,15853.9501953125
2021-07-15,15872.150390625,15924.2001953125
2021-07-16,15958.349609375,15923.400390625
2021-07-19,15754.5,15752.400390625
2021-07-20,15703.9501953125,15632.099609375
2021-07-22,15736.599609375,15824.0498046875
2021-07-23,15856.7998046875,15856.0498046875
2021-07-26,15849.2998046875,15824.4501953125
2021-07-27,15860.5,15746.4501953125
2021-07-28,15761.5498046875,15709.400390625
2021-07-29,15762.7001953125,15778.4501953125
2021-07-30,15800.599609375,15763.0498046875
2021-08-02,15874.900390625,15885.150390625
2021-08-03,15951.5498046875,16130.75
2021-08-04,16195.25,16258.7998046875
2021-08-05,16288.9501953125,16294.599609375
2021-08-06,16304.400390625,16238.2001953125
2021-08-09,16281.349609375,16258.25
2021-08-10,16274.7998046875,16280.099609375
2021-08-11,16327.2998046875,16282.25
2021-08-12,16303.650390625,16364.400390625
2021-08-13,16385.69921875,16529.099609375
2021-08-16,16518.400390625,16563.05078125
2021-08-17,16545.25,16614.599609375
2021-08-18,16691.94921875,16568.849609375
2021-08-20,16382.5,16450.5
2021-08-23,16592.25,16496.44921875
2021-08-24,16561.400390625,16624.599609375
2021-08-25,16654.0,16634.650390625
2021-08-26,16627.94921875,16636.900390625
2021-08-27,16642.55078125,16705.19921875
2021-08-30,16775.849609375,16931.05078125
2021-08-31,16947.5,17132.19921875
2021-09-01,17185.599609375,17076.25
2021-09-02,17095.400390625,17234.150390625
2021-09-03,17262.44921875,17323.599609375
2021-09-06,17399.349609375,17377.80078125
2021-09-07,17401.55078125,17362.099609375
2021-09-08,17375.75,17353.5
2021-09-09,17312.849609375,17369.25
2021-09-13,17363.55078125,17355.30078125
2021-09-14,17420.349609375,17380.0
2021-09-15,17387.650390625,17519.44921875
2021-09-16,17539.19921875,17629.5
2021-09-17,17709.650390625,17585.150390625
2021-09-20,17443.849609375,17396.900390625
2021-09-21,17450.5,17562.0
2021-09-22,17580.900390625,17546.650390625
2021-09-23,17670.849609375,17822.94921875
2021-09-24,17897.44921875,17853.19921875
2021-09-27,17932.19921875,17855.099609375
2021-09-28,17906.44921875,17748.599609375
2021-09-29,17657.94921875,17711.30078125
2021-09-30,17718.900390625,17618.150390625
2021-10-01,17531.900390625,17532.05078125
2021-10-04,17615.55078125,17691.25
2021-10-05,17661.349609375,17822.30078125
2021-10-06,17861.5,17646.0
2021-10-07,17810.55078125,17790.349609375
2021-10-08,17886.849609375,17895.19921875
2021-10-11,17867.55078125,17945.94921875
2021-10-12,17915.80078125,17991.94921875
2021-10-13,18097.849609375,18161.75
2021-10-14,18272.849609375,18338.55078125
2021-10-18,18500.099609375,18477.05078125
2021-10-19,18602.349609375,18418.75
2021-10-20,18439.900390625,18266.599609375
2021-10-21,18382.69921875,18178.099609375
2021-10-22,18230.69921875,18114.900390625
2021-10-25,18229.5,18125.400390625
2021-10-26,18154.5,18268.400390625
2021-10-27,18295.849609375,18210.94921875
2021-10-28,18187.650390625,17857.25
2021-10-29,17833.05078125,17671.650390625
2021-11-01,17783.150390625,17929.650390625
2021-11-02,17970.900390625,17888.94921875
2021-11-03,17947.94921875,17829.19921875
2021-11-04,17935.05078125,17916.80078125
2021-11-08,18040.19921875,18068.55078125
2021-11-09,18084.349609375,18044.25
2021-11-10,17973.44921875,18017.19921875
2021-11-11,17967.44921875,17873.599609375
2021-11-12,17977.599609375,18102.75
2021-11-15,18140.94921875,18109.44921875
2021-11-16,18127.05078125,17999.19921875
2021-11-17,17939.349609375,17898.650390625
2021-11-18,17890.55078125,17764.80078125
2021-11-22,17796.25,17416.55078125
2021-11-23,17281.75,17503.349609375
2021-11-24,17550.05078125,17415.05078125
2021-11-25,17417.30078125,17536.25
2021-11-26,17338.75,17026.44921875
2021-11-29,17055.80078125,17053.94921875
2021-11-30,17051.150390625,16983.19921875
2021-12-01,17104.400390625,17166.900390625
2021-12-02,17183.19921875,17401.650390625
2021-12-03,17424.900390625,17196.69921875
2021-12-06,17209.05078125,16912.25
2021-12-07,17044.099609375,17176.69921875
2021-12-08,17315.25,17469.75
2021-12-09,17524.400390625,17516.849609375
2021-12-10,17476.05078125,17511.30078125
2021-12-13,17619.099609375,17368.25
2021-12-14,17283.19921875,17324.900390625
2021-12-15,17323.650390625,17221.400390625
2021-12-16,17373.0,17248.400390625
2021-12-17,17276.0,16985.19921875
2021-12-20,16824.25,16614.19921875
2021-12-21,16773.150390625,16770.849609375
2021-12-22,16865.55078125,16955.44921875
2021-12-23,17066.80078125,17072.599609375
2021-12-24,17149.5,17003.75
2021-12-27,16937.75,17086.25
2021-12-28,17177.599609375,17233.25
2021-12-29,17220.099609375,17213.599609375
2021-12-30,17201.44921875,17203.94921875
2021-12-31,17244.5,17354.05078125
2022-01-03,17387.150390625,17625.69921875
2022-01-04,17681.400390625,17805.25
2022-01-05,17820.099609375,17925.25
2022-01-06,17768.5,17745.900390625
2022-01-07,17797.599609375,17812.69921875
2022-01-10,17913.30078125,18003.30078125
2022-01-11,17997.75,18055.75
2022-01-12,18170.400390625,18212.349609375
2022-01-13,18257.0,18257.80078125
2022-01-14,18185.0,18255.75
2022-01-17,18235.650390625,18308.099609375
2022-01-18,18337.19921875,18113.05078125
2022-01-19,18129.19921875,17938.400390625
2022-01-20,17921.0,17757.0
2022-01-21,17613.69921875,17617.150390625
2022-01-24,17575.150390625,17149.099609375
2022-01-25,17001.55078125,17277.94921875
2022-01-27,17062.0,17110.150390625
2022-01-28,17208.30078125,17101.94921875
2022-01-31,17301.05078125,17339.849609375
2022-02-01,17529.44921875,17576.849609375
2022-02-02,17706.19921875,17780.0
2022-02-03,17767.75,17560.19921875
2022-02-04,17590.19921875,17516.30078125
2022-02-07,17456.30078125,17213.599609375
2022-02-08,17279.849609375,17266.75
2022-02-09,17370.099609375,17463.80078125
2022-02-10,17554.099609375,17605.849609375
2022-02-11,17451.0,17374.75
2022-02-14,17076.150390625,16842.80078125
2022-02-15,16933.25,17352.44921875
2022-02-16,17408.44921875,17322.19921875
2022-02-17,17396.55078125,17304.599609375
2022-02-18,17236.05078125,17276.30078125
2022-02-21,17192.25,17206.650390625
2022-02-22,16847.94921875,17092.19921875
2022-02-23,17194.5,17063.25
2022-02-24,16548.900390625,16247.9501953125
2022-02-25,16515.650390625,16658.400390625
2022-02-28,16481.599609375,16793.900390625
2022-03-02,16593.099609375,16605.94921875
2022-03-03,16723.19921875,16498.05078125
2022-03-04,16339.4501953125,16245.349609375
2022-03-07,15867.9501953125,15863.150390625
2022-03-08,15747.75,16013.4501953125
2022-03-09,16078.0,16345.349609375
2022-03-10,16757.099609375,16594.900390625
2022-03-11,16528.80078125,16630.44921875
2022-03-14,16633.69921875,16871.30078125
2022-03-15,16900.650390625,16663.0
2022-03-16,16876.650390625,16975.349609375
2022-03-17,17202.900390625,17287.05078125
2022-03-21,17329.5,17117.599609375
2022-03-22,17120.400390625,17315.5
2022-03-23,17405.05078125,17245.650390625
2022-03-24,17094.94921875,17222.75
2022-03-25,17289.0,17153.0
2022-03-28,17181.849609375,17222.0
2022-03-29,17297.19921875,17325.30078125
2022-03-30,17468.150390625,17498.25
2022-03-31,17519.19921875,17464.75
2022-04-01,17436.900390625,17670.44921875
2022-04-04,17809.099609375,18053.400390625
2022-04-05,18080.599609375,17957.400390625
2022-04-06,17842.75,17807.650390625
2022-04-07,17723.30078125,17639.55078125
2022-04-08,17698.150390625,17784.349609375
2022-04-11,17740.900390625,17674.94921875
2022-04-12,17584.849609375,17530.30078125
2022-04-13,17599.900390625,17475.650390625
2022-04-18,17183.44921875,17173.650390625
2022-04-19,17258.94921875,16958.650390625
2022-04-20,17045.25,17136.55078125
2022-04-21,17234.599609375,17392.599609375
2022-04-22,17242.75,17171.94921875
2022-04-25,17009.05078125,16953.94921875
2022-04-26,17121.30078125,17200.80078125
2022-04-27,17073.349609375,17038.400390625
2022-04-28,17189.5,17245.05078125
2022-04-29,17329.25,17102.55078125
2022-05-02,16924.44921875,17069.099609375
2022-05-04,17096.599609375,16677.599609375
2022-05-05,16854.75,16682.650390625
2022-05-06,16415.55078125,16411.25
2022-05-09,16227.7001953125,16301.849609375
2022-05-10,16248.900390625,16240.0498046875
2022-05-11,16270.0498046875,16167.099609375
2022-05-12,16021.099609375,15808.0
2022-05-13,15977.0,15782.150390625
2022-05-16,15845.099609375,15842.2998046875
2022-05-17,15912.599609375,16259.2998046875
2022-05-18,16318.150390625,16240.2998046875
2022-05-19,15917.400390625,15809.400390625
2022-05-20,16043.7998046875,16266.150390625
2022-05-23,16290.9501953125,16214.7001953125
2022-05-24,16225.5498046875,16125.150390625
2022-05-25,16196.349609375,16025.7998046875
2022-05-26,16105.0,16170.150390625
2022-05-27,16296.599609375,16352.4501953125
2022-05-30,16527.900390625,16661.400390625
2022-05-31,16578.44921875,16584.55078125
2022-06-01,16594.400390625,16522.75
2022-06-02,16481.650390625,16628.0
2022-06-03,16761.650390625,16584.30078125
2022-06-06,16530.69921875,16569.55078125
2022-06-07,16469.599609375,16416.349609375
2022-06-08,16474.94921875,16356.25
2022-06-09,16263.849609375,16478.099609375
2022-06-10,16283.9501953125,16201.7998046875
2022-06-13,15877.5498046875,15774.400390625
2022-06-14,15674.25,15732.099609375
2022-06-15,15729.25,15692.150390625
2022-06-16,15832.25,15360.599609375
2022-06-17,15272.650390625,15293.5
2022-06-20,15334.5,15350.150390625
2022-06-21,15455.9501953125,15638.7998046875
2022-06-22,15545.650390625,15413.2998046875
2022-06-23,15451.5498046875,15556.650390625
2022-06-24,15657.400390625,15699.25
2022-06-27,15926.2001953125,15832.0498046875
2022-06-28,15757.4501953125,15850.2001953125
2022-06-29,15701.7001953125,15799.099609375
2022-06-30,15774.5,15780.25
2022-07-01,15703.7001953125,15752.0498046875
2022-07-04,15710.5,15835.349609375
2022-07-05,15909.150390625,15810.849609375
2022-07-06,15818.2001953125,15989.7998046875
2022-07-07,16113.75,16132.900390625
2022-07-08,16273.650390625,16220.599609375
2022-07-11,16136.150390625,16216.0
2022-07-12,16126.2001953125,16058.2998046875
2022-07-13,16128.2001953125,15966.650390625
2022-07-14,16018.849609375,15938.650390625
2022-07-15,16010.7998046875,16049.2001953125
2022-07-18,16151.400390625,16278.5
2022-07-19,16187.0498046875,16340.5498046875
2022-07-20,16562.80078125,16520.849609375
2022-07-21,16523.55078125,16605.25
2022-07-22,16661.25,16719.44921875
2022-07-25,16662.55078125,16631.0
2022-07-26,16632.900390625,16483.849609375
2022-07-27,16475.349609375,16641.80078125
2022-07-28,16774.849609375,16929.599609375
2022-07-29,17079.5,17158.25
2022-08-01,17243.19921875,17340.05078125
2022-08-02,17310.150390625,17345.44921875
2022-08-03,17349.25,17388.150390625
2022-08-04,17463.099609375,17382.0
2022-08-05,17423.650390625,17397.5
2022-08-08,17401.5,17525.099609375
2022-08-10,17566.099609375,17534.75
2022-08-11,17711.650390625,17659.0
2022-08-12,17659.650390625,17698.150390625
2022-08-16,17797.19921875,17825.25
2022-08-17,17868.150390625,17944.25
2022-08-18,17898.650390625,17956.5
2022-08-19,17966.55078125,17758.44921875
2022-08-22,17682.900390625,17490.69921875
2022-08-23,17357.349609375,17577.5
2022-08-24,17525.44921875,17604.94921875
2022-08-25,17679.0,17522.44921875
2022-08-26,17619.30078125,17558.900390625
2022-08-29,17188.650390625,17312.900390625
2022-08-30,17414.94921875,17759.30078125
2022-09-01,17485.69921875,17542.80078125
2022-09-02,17598.400390625,17539.44921875
2022-09-05,17546.44921875,17665.80078125
2022-09-06,17695.69921875,17655.599609375
2022-09-07,17519.400390625,17624.400390625
2022-09-08,17748.150390625,17798.75
2022-09-09,17923.349609375,17833.349609375
2022-09-12,17890.849609375,17936.349609375
2022-09-13,18044.44921875,18070.05078125
2022-09-14,17771.150390625,18003.75
2022-09-15,18046.349609375,17877.400390625
2022-09-16,17796.80078125,17530.849609375
2022-09-19,17540.650390625,17622.25
2022-09-20,17770.400390625,17816.25
2022-09-21,17766.349609375,17718.349609375
2022-09-22,17609.650390625,17629.80078125
2022-09-23,17593.849609375,17327.349609375
2022-09-26,17156.30078125,17016.30078125
2022-09-27,17110.900390625,17007.400390625
2022-09-28,16870.55078125,16858.599609375
2022-09-29,16993.599609375,16818.099609375
2022-09-30,16798.05078125,17094.349609375
2022-10-03,17102.099609375,16887.349609375
2022-10-04,17147.44921875,17274.30078125
2022-10-06,17379.25,17331.80078125
2022-10-07,17287.19921875,17314.650390625
2022-10-10,17094.349609375,17241.0
2022-10-11,17256.05078125,16983.55078125
2022-10-12,17025.55078125,17123.599609375
2022-10-13,17087.349609375,17014.349609375
2022-10-14,17322.30078125,17185.69921875
2022-10-17,17144.80078125,17311.80078125
2022-10-18,17438.75,17486.94921875
2022-10-19,17568.150390625,17512.25
2022-10-20,17423.099609375,17563.94921875
2022-10-21,17622.849609375,17576.30078125
2022-10-24,17736.349609375,17730.75
2022-10-25,17808.30078125,17656.349609375
2022-10-27,17771.400390625,17736.94921875
2022-10-28,17756.400390625,17786.80078125
2022-10-31,17910.19921875,18012.19921875
2022-11-01,18130.69921875,18145.400390625
2022-11-02,18177.900390625,18082.849609375
2022-11-03,17968.349609375,18052.69921875
2022-11-04,18053.400390625,18117.150390625
2022-11-07,18211.75,18202.80078125
2022-11-09,18288.25,18157.0
2022-11-10,18044.349609375,18028.19921875
2022-11-11,18272.349609375,18349.69921875
2022-11-14,18376.400390625,18329.150390625
2022-11-15,18362.75,18403.400390625
2022-11-16,18398.25,18409.650390625
2022-11-17,18358.69921875,18343.900390625
2022-11-18,18382.94921875,18307.650390625
2022-11-21,18246.400390625,18159.94921875
2022-11-22,18179.150390625,18244.19921875
2022-11-23,18325.19921875,18267.25
2022-11-24,18326.099609375,18484.099609375
2022-11-25,18528.44921875,18512.75
2022-11-28,18430.55078125,18562.75
2022-11-29,18552.44921875,18618.05078125
2022-11-30,18625.69921875,18758.349609375
2022-12-01,18871.94921875,18812.5
2022-12-02,18752.400390625,18696.099609375
2022-12-05,18719.55078125,18701.05078125
2022-12-06,18600.650390625,18642.75
2022-12-07,18638.849609375,18560.5
2022-12-08,18570.849609375,18609.349609375
2022-12-09,18662.400390625,18496.599609375
2022-12-12,18402.150390625,18497.150390625
2022-12-13,18524.400390625,18608.0
2022-12-14,18671.25,18660.30078125
2022-12-15,18614.400390625,18414.900390625
2022-12-16,18319.099609375,18269.0
2022-12-19,18288.099609375,18420.44921875
2022-12-20,18340.30078125,18385.30078125
2022-12-21,18435.150390625,18199.099609375
2022-12-22,18288.80078125,18127.349609375
2022-12-23,17977.650390625,17806.80078125
2022-12-26,17830.400390625,18014.599609375
2022-12-27,18089.80078125,18132.30078125
2022-12-28,18084.75,18122.5
2022-12-29,18045.69921875,18191.0
2022-12-30,18259.099609375,18105.30078125
2023-01-02,18131.69921875,18197.44921875
2023-01-03,18163.19921875,18232.55078125
2023-01-04,18230.650390625,18042.94921875
2023-01-05,18101.94921875,17992.150390625
2023-01-06,18008.05078125,17859.44921875
2023-01-09,17952.55078125,18101.19921875
2023-01-10,18121.30078125,17914.150390625
2023-01-11,17924.25,17895.69921875
2023-01-12,17920.849609375,17858.19921875
2023-01-13,17867.5,17956.599609375
2023-01-16,18033.150390625,17894.849609375
2023-01-17,17922.80078125,18053.30078125
2023-01-18,18074.30078125,18165.349609375
2023-01-19,18119.80078125,18107.849609375
2023-01-20,18115.599609375,18027.650390625
2023-01-23,18118.44921875,18118.55078125
2023-01-24,18183.94921875,18118.30078125
2023-01-25,18093.349609375,17891.94921875
2023-01-27,17877.19921875,17604.349609375
2023-01-30,17541.94921875,17648.94921875
2023-01-31,17731.44921875,17662.150390625
2023-02-01,17811.599609375,17616.30078125
2023-02-02,17517.099609375,17610.400390625
2023-02-03,17721.75,17854.05078125
2023-02-06,17818.55078125,17764.599609375
2023-02-07,17790.099609375,17721.5
2023-02-08,17750.30078125,17871.69921875
2023-02-09,17885.5,17893.44921875
2023-02-10,17847.55078125,17856.5
2023-02-13,17859.099609375,17770.900390625
2023-02-14,17840.349609375,17929.849609375
2023-02-15,17896.599609375,18015.849609375
2023-02-16,18094.75,18035.849609375
2023-02-17,17974.849609375,17944.19921875
2023-02-20,17965.55078125,17844.599609375
2023-02-21,17905.80078125,17826.69921875
2023-02-22,17755.349609375,17554.30078125
2023-02-23,17574.650390625,17511.25
2023-02-24,17591.349609375,17465.80078125
2023-02-27,17428.599609375,17392.69921875
2023-02-28,17383.25,17303.94921875
2023-03-01,17360.099609375,17450.900390625
2023-03-02,17421.5,17321.900390625
2023-03-03,17451.25,17594.349609375
2023-03-06,17680.349609375,17711.44921875
2023-03-08,17665.75,17754.400390625
2023-03-09,17772.05078125,17589.599609375
2023-03-10,17443.80078125,17412.900390625
2023-03-13,17421.900390625,17154.30078125
2023-03-14,17160.55078125,17043.30078125
2023-03-15,17166.44921875,16972.150390625
2023-03-16,16994.650390625,16985.599609375
2023-03-17,17111.80078125,17100.05078125
2023-03-20,17066.599609375,16988.400390625
2023-03-21,17060.400390625,17107.5
2023-03-22,17177.44921875,17151.900390625
2023-03-23,17097.400390625,17076.900390625
2023-03-24,17076.19921875,16945.05078125
2023-03-27,16984.30078125,16985.69921875
2023-03-28,17031.75,16951.69921875
2023-03-29,16977.30078125,17080.69921875
2023-03-31,17210.349609375,17359.75
2023-04-03,17427.94921875,17398.05078125
2023-04-05,17422.30078125,17557.05078125
2023-04-06,17533.849609375,17599.150390625
2023-04-10,17634.900390625,17624.05078125
2023-04-11,17704.80078125,17722.30078125
2023-04-12,17759.55078125,17812.400390625
2023-04-13,17807.30078125,17828.0
2023-04-17,17863.0,17706.849609375
2023-04-18,17766.599609375,17660.150390625
2023-04-19,17653.349609375,17618.75
2023-04-20,17638.599609375,17624.44921875
2023-04-21,17639.75,17624.05078125
2023-04-24,17707.55078125,17743.400390625
2023-04-25,17761.55078125,17769.25
2023-04-26,17767.30078125,17813.599609375
2023-04-27,17813.099609375,17915.05078125
2023-04-28,17950.400390625,18065.0
2023-05-02,18124.80078125,18147.650390625
2023-05-03,18113.80078125,18089.849609375
2023-05-04,18081.0,18255.80078125
2023-05-05,18117.30078125,18069.0
2023-05-08,18120.599609375,18264.400390625
2023-05-09,18303.400390625,18265.94921875
2023-05-10,18313.599609375,18315.099609375
2023-05-11,18357.80078125,18297.0
2023-05-12,18273.75,18314.80078125
2023-05-15,18339.30078125,18398.849609375
2023-05-16,18432.349609375,18286.5
2023-05-17,18300.44921875,18181.75
2023-05-18,18287.5,18129.94921875
2023-05-19,18186.150390625,18203.400390625
2023-05-22,18201.099609375,18314.400390625
2023-05-23,18362.900390625,18348.0
2023-05-24,18294.80078125,18285.400390625
2023-05-25,18268.900390625,18321.150390625
2023-05-26,18368.349609375,18499.349609375
2023-05-29,18619.150390625,18598.650390625
2023-05-30,18606.650390625,18633.849609375
2023-05-31,18594.19921875,18534.400390625
2023-06-01,18579.400390625,18487.75
2023-06-02,18550.849609375,18534.099609375
2023-06-05,18612.0,18593.849609375
2023-06-06,18600.80078125,18599.0
2023-06-07,18665.599609375,18726.400390625
2023-06-08,18725.349609375,18634.55078125
2023-06-09,18655.900390625,18563.400390625
2023-06-12,18595.05078125,18601.5
2023-06-13,18631.80078125,18716.150390625
2023-06-14,18744.599609375,18755.900390625
2023-06-15,18774.44921875,18688.099609375
2023-06-16,18723.30078125,18826.0
2023-06-19,18873.30078125,18755.44921875
2023-06-20,18752.349609375,18816.69921875
2023-06-21,18849.400390625,18856.849609375
2023-06-22,18853.599609375,18771.25
2023-06-23,18741.849609375,18665.5
2023-06-26,18682.349609375,18691.19921875
2023-06-27,18748.55078125,18817.400390625
2023-06-28,18908.150390625,18972.099609375
2023-06-30,19076.849609375,19189.05078125
2023-07-03,19246.5,19322.55078125
2023-07-04,19406.599609375,19389.0
2023-07-05,19405.94921875,19398.5
2023-07-06,19385.69921875,19497.30078125
2023-07-07,19422.80078125,19331.80078125
2023-07-10,19400.349609375,19355.900390625
2023-07-11,19427.099609375,19439.400390625
2023-07-12,19497.44921875,19384.30078125
2023-07-13,19495.19921875,19413.75
2023-07-14,19493.44921875,19564.5
2023-07-17,19612.150390625,19711.44921875
2023-07-18,19787.5,19749.25
2023-07-19,19802.94921875,19833.150390625
2023-07-20,19831.69921875,19979.150390625
2023-07-21,19800.44921875,19745.0
2023-07-24,19748.44921875,19672.349609375
2023-07-25,19729.349609375,19680.599609375
2023-07-26,19733.349609375,19778.30078125
2023-07-27,19850.900390625,19659.900390625
2023-07-28,19659.75,19646.05078125
2023-07-31,19666.349609375,19753.80078125
2023-08-01,19784.0,19733.55078125
2023-08-02,19655.400390625,19526.55078125
2023-08-03,19463.75,19381.650390625
2023-08-04,19462.80078125,19517.0
2023-08-07,19576.849609375,19597.30078125
2023-08-08,19627.19921875,19570.849609375
2023-08-09,19578.80078125,19632.55078125
2023-08-10,19605.55078125,19543.099609375
2023-08-11,19554.25,19428.30078125
2023-08-14,19383.94921875,19434.55078125
2023-08-16,19369.0,19465.0
2023-08-17,19450.55078125,19365.25
2023-08-18,19301.75,19310.150390625
2023-08-21,19320.650390625,19393.599609375
2023-08-22,19417.099609375,19396.44921875
2023-08-23,19439.19921875,19444.0
2023-08-24,19535.150390625,19386.69921875
2023-08-25,19297.400390625,19265.80078125
2023-08-28,19298.349609375,19306.05078125
2023-08-29,19374.849609375,19342.650390625
2023-08-30,19433.44921875,19347.44921875
2023-08-31,19375.55078125,19253.80078125
2023-09-01,19258.150390625,19435.30078125
2023-09-04,19525.05078125,19528.80078125
2023-09-05,19564.650390625,19574.900390625
2023-09-06,19581.19921875,19611.05078125
2023-09-07,19598.650390625,19727.05078125
2023-09-08,19774.80078125,19819.94921875
2023-09-11,19890.0,19996.349609375
2023-09-12,20110.150390625,19993.19921875
2023-09-13,19989.5,20070.0
2023-09-14,20127.94921875,20103.099609375
2023-09-15,20156.44921875,20192.349609375
2023-09-18,20155.94921875,20133.30078125
2023-09-20,19980.75,19901.400390625
2023-09-21,19840.55078125,19742.349609375
2023-09-22,19744.849609375,19674.25
2023-09-25,19678.19921875,19674.55078125
2023-09-26,19682.80078125,19664.69921875
2023-09-27,19637.05078125,19716.44921875
2023-09-28,19761.80078125,19523.55078125
2023-09-29,19581.19921875,19638.30078125
2023-10-03,19622.400390625,19528.75
2023-10-04,19446.30078125,19436.099609375
2023-10-05,19521.849609375,19545.75
2023-10-06,19621.19921875,19653.5
2023-10-09,19539.44921875,19512.349609375
2023-10-10,19565.599609375,19689.849609375
2023-10-11,19767.0,19811.349609375
2023-10-12,19822.69921875,19794.0
2023-10-13,19654.55078125,19751.05078125
2023-10-16,19737.25,19731.75
2023-10-17,19843.19921875,19811.5
2023-10-18,19820.44921875,19671.099609375
2023-10-19,19545.19921875,19624.69921875
2023-10-20,19542.150390625,19542.650390625
2023-10-23,19521.599609375,19281.75
2023-10-25,19286.44921875,19122.150390625
2023-10-26,19027.25,18857.25
2023-10-27,18928.75,19047.25
2023-10-30,19053.400390625,19140.900390625
2023-10-31,19232.94921875,19079.599609375
2023-11-01,19064.05078125,18989.150390625
2023-11-02,19120.0,19133.25
2023-11-03,19241.0,19230.599609375
2023-11-06,19345.849609375,19411.75
2023-11-07,19404.05078125,19406.69921875
2023-11-08,19449.599609375,19443.5
2023-11-09,19457.400390625,19395.30078125
2023-11-10,19351.849609375,19425.349609375
2023-11-13,19486.75,19443.55078125
2023-11-15,19651.400390625,19675.44921875
2023-11-16,19674.69921875,19765.19921875
2023-11-17,19674.75,19731.80078125
2023-11-20,19731.150390625,19694.0
2023-11-21,19770.900390625,19783.400390625
2023-11-22,19784.0,19811.849609375
2023-11-23,19828.44921875,19802.0
2023-11-24,19809.599609375,19794.69921875
2023-11-28,19844.650390625,19889.69921875
2023-11-29,19976.55078125,20096.599609375
2023-11-30,20108.5,20133.150390625
2023-12-01,20194.099609375,20267.900390625
2023-12-04,20601.94921875,20686.80078125
2023-12-05,20808.900390625,20855.099609375
2023-12-06,20950.75,20937.69921875
2023-12-07,20932.400390625,20901.150390625
2023-12-08,20934.099609375,20969.400390625
2023-12-11,20965.30078125,20997.099609375
2023-12-12,21018.55078125,20906.400390625
2023-12-13,20929.75,20926.349609375
2023-12-14,21110.400390625,21182.69921875
2023-12-15,21287.44921875,21456.650390625
2023-12-18,21434.80078125,21418.650390625
2023-12-19,21477.650390625,21453.099609375
2023-12-20,21543.5,21150.150390625
2023-12-21,21033.94921875,21255.05078125
2023-12-22,21295.849609375,21349.400390625
2023-12-26,21365.19921875,21441.349609375
2023-12-27,21497.650390625,21654.75
2023-12-28,21715.0,21778.69921875
2023-12-29,21737.650390625,21731.400390625
2024-01-01,21727.75,21741.900390625
2024-01-02,21751.349609375,21665.80078125
2024-01-03,21661.099609375,21517.349609375
2024-01-04,21605.80078125,21658.599609375
2024-01-05,21705.75,21710.80078125
2024-01-08,21747.599609375,21513.0
2024-01-09,21653.599609375,21544.849609375
2024-01-10,21529.30078125,21618.69921875
2024-01-11,21688.0,21647.19921875
2024-01-12,21773.55078125,21894.55078125
2024-01-15,22053.150390625,22097.44921875
2024-01-16,22080.5,22032.30078125
2024-01-17,21647.25,21571.94921875
2024-01-18,21414.19921875,21462.25
2024-01-19,21615.19921875,21622.400390625
2024-01-23,21716.69921875,21238.80078125
2024-01-24,21185.25,21453.94921875
2024-01-25,21454.599609375,21352.599609375
2024-01-29,21433.099609375,21737.599609375
2024-01-30,21775.75,21522.099609375
2024-01-31,21487.25,21725.69921875
2024-02-01,21780.650390625,21697.44921875
2024-02-02,21812.75,21853.80078125
2024-02-05,21921.05078125,21771.69921875
2024-02-06,21825.19921875,21929.400390625
2024-02-07,22045.05078125,21930.5
2024-02-08,22009.650390625,21717.94921875
2024-02-09,21727.0,21782.5
2024-02-12,21800.80078125,21616.05078125
2024-02-13,21664.30078125,21743.25
2024-02-14,21578.150390625,21840.05078125
2024-02-15,21906.55078125,21910.75
2024-02-16,22020.30078125,22040.69921875
2024-02-19,22103.44921875,22122.25
2024-02-20,22099.19921875,22196.94921875
2024-02-21,22248.849609375,22055.05078125
2024-02-22,22081.55078125,22217.44921875
2024-02-23,22290.0,22212.69921875
2024-02-26,22169.19921875,22122.05078125
2024-02-27,22090.19921875,22198.349609375
2024-02-28,22214.099609375,21951.150390625
2024-02-29,21935.19921875,21982.80078125
2024-03-01,22048.30078125,22338.75
2024-03-04,22403.5,22405.599609375
2024-03-05,22371.25,22356.30078125
2024-03-06,22327.5,22474.05078125
2024-03-07,22505.30078125,22493.55078125
2024-03-11,22517.5,22332.650390625
2024-03-12,22334.44921875,22335.69921875
2024-03-13,22432.19921875,21997.69921875
2024-03-14,21982.55078125,22146.650390625
2024-03-15,22064.849609375,22023.349609375
2024-03-18,21990.099609375,22055.69921875
2024-03-19,21946.44921875,21817.44921875
2024-03-20,21843.900390625,21839.099609375
2024-03-21,21989.900390625,22011.94921875
2024-03-22,21932.19921875,22096.75
2024-03-26,21947.900390625,22004.69921875
2024-03-27,22053.94921875,22123.650390625
2024-03-28,22163.599609375,22326.900390625
2024-04-01,22455.0,22462.0
2024-04-02,22458.80078125,22453.30078125
2024-04-03,22385.69921875,22434.650390625
2024-04-04,22592.099609375,22514.650390625
2024-04-05,22486.400390625,22513.69921875
2024-04-08,22578.349609375,22666.30078125
2024-04-09,22765.099609375,22642.75
2024-04-10,22720.25,22753.80078125
2024-04-12,22677.400390625,22519.400390625
2024-04-15,22339.05078125,22272.5
2024-04-16,22125.30078125,22147.900390625
2024-04-18,22212.349609375,21995.849609375
2024-04-19,21861.5,22147.0
2024-04-22,22336.900390625,22336.400390625
2024-04-23,22447.05078125,22368.0
2024-04-24,22421.55078125,22402.400390625
2024-04-25,22316.900390625,22570.349609375
2024-04-26,22620.400390625,22419.94921875
2024-04-29,22475.55078125,22643.400390625
2024-04-30,22679.650390625,22604.849609375
2024-05-02,22567.849609375,22648.19921875
2024-05-03,22766.349609375,22475.849609375
2024-05-06,22561.599609375,22442.69921875
2024-05-07,22489.75,22302.5
2024-05-08,22231.19921875,22302.5
2024-05-09,22224.80078125,21957.5
2024-05-10,21990.94921875,22055.19921875
2024-05-13,22027.94921875,22104.05078125
2024-05-14,22112.900390625,22217.849609375
2024-05-15,22255.599609375,22200.55078125
2024-05-16,22319.19921875,22403.849609375
2024-05-17,22415.25,22466.099609375
2024-05-21,22404.55078125,22529.05078125
2024-05-22,22576.599609375,22597.80078125
2024-05-23,22614.099609375,22967.650390625
2024-05-24,22930.75,22957.099609375
2024-05-27,23038.94921875,22932.44921875
2024-05-28,22977.150390625,22888.150390625
2024-05-29,22762.75,22704.69921875
2024-05-30,22617.44921875,22488.650390625
2024-05-31,22568.099609375,22530.69921875
2024-06-03,23337.900390625,23263.900390625
2024-06-04,23179.5,21884.5
2024-06-05,22128.349609375,22620.349609375
2024-06-06,22798.599609375,22821.400390625
2024-06-07,22821.849609375,23290.150390625
2024-06-10,23319.150390625,23259.19921875
2024-06-11,23283.75,23264.849609375
2024-06-12,23344.44921875,23322.94921875
2024-06-13,23480.94921875,23398.900390625
2024-06-14,23464.94921875,23465.599609375
2024-06-18,23570.80078125,23557.900390625
2024-06-19,23629.849609375,23516.0
2024-06-20,23586.150390625,23567.0
2024-06-21,23661.150390625,23501.099609375
2024-06-24,23382.30078125,23537.849609375
2024-06-25,23577.099609375,23721.30078125
2024-06-26,23723.099609375,23868.80078125
2024-06-27,23881.55078125,24044.5
2024-06-28,24085.900390625,24010.599609375
2024-07-01,23992.94921875,24141.94921875
2024-07-02,24228.75,24123.849609375
2024-07-03,24291.75,24286.5
2024-07-04,24369.94921875,24302.150390625
2024-07-05,24213.349609375,24323.849609375
2024-07-08,24329.44921875,24320.55078125
2024-07-09,24351.0,24433.19921875
2024-07-10,24459.849609375,24324.44921875
2024-07-11,24396.55078125,24315.94921875
2024-07-12,24387.94921875,24502.150390625
2024-07-15,24587.599609375,24586.69921875
2024-07-16,24615.900390625,24613.0
2024-07-18,24543.80078125,24800.849609375
2024-07-19,24853.80078125,24530.900390625
2024-07-22,24445.75,24509.25
2024-07-23,24568.900390625,24479.05078125
2024-07-24,24444.94921875,24413.5
2024-07-25,24230.94921875,24406.099609375
2024-07-26,24423.349609375,24834.849609375
2024-07-29,24943.30078125,24836.099609375
2024-07-30,24839.400390625,24857.30078125
2024-07-31,24886.69921875,24951.150390625
2024-08-01,25030.94921875,25010.900390625
2024-08-02,24789.0,24717.69921875
2024-08-05,24302.849609375,24055.599609375
2024-08-06,24189.849609375,23992.55078125
2024-08-07,24289.400390625,24297.5
2024-08-08,24248.55078125,24117.0
2024-08-09,24386.849609375,24367.5
2024-08-12,24320.05078125,24347.0
2024-08-13,24342.349609375,24139.0
2024-08-14,24184.400390625,24143.75
2024-08-16,24334.849609375,24541.150390625
2024-08-19,24636.349609375,24572.650390625
2024-08-20,24648.900390625,24698.849609375
2024-08-21,24680.55078125,24770.19921875
2024-08-22,24863.400390625,24811.5
2024-08-23,24845.400390625,24823.150390625
2024-08-26,24906.099609375,25010.599609375
2024-08-27,25024.80078125,25017.75
2024-08-28,25030.80078125,25052.349609375
2024-08-29,25035.30078125,25151.94921875
2024-08-30,25249.69921875,25235.900390625
2024-09-02,25333.599609375,25278.69921875
2024-09-03,25313.400390625,25279.849609375
2024-09-04,25089.94921875,25198.69921875
2024-09-05,25250.5,25145.099609375
2024-09-06,25093.69921875,24852.150390625
2024-09-09,24823.400390625,24936.400390625
2024-09-10,24999.400390625,25041.099609375
2024-09-11,25034.0,24918.44921875
2024-09-12,25059.650390625,25388.900390625
2024-09-13,25430.44921875,25356.5
2024-09-16,25406.650390625,25383.75
2024-09-17,25416.900390625,25418.55078125
2024-09-18,25402.400390625,25377.55078125
2024-09-19,25487.05078125,25415.80078125
2024-09-20,25525.94921875,25790.94921875
2024-09-23,25872.55078125,25939.05078125
2024-09-24,25921.44921875,25940.400390625
2024-09-25,25899.44921875,26004.150390625
2024-09-26,26005.400390625,26216.05078125
2024-09-27,26248.25,26178.94921875
2024-09-30,26061.30078125,25810.849609375
2024-10-01,25788.44921875,25796.900390625
2024-10-03,25452.849609375,25250.099609375
2024-10-04,25181.900390625,25014.599609375
2024-10-07,25084.099609375,24795.75
2024-10-08,24832.19921875,25013.150390625
2024-10-09,25065.80078125,24981.94921875
2024-10-10,25067.05078125,24998.44921875
2024-10-11,24985.30078125,24964.25
2024-10-14,25023.44921875,25127.94921875
2024-10-15,25186.30078125,25057.349609375
2024-10-16,25008.55078125,24971.30078125
2024-10-17,25027.400390625,24749.849609375
2024-10-18,24664.94921875,24854.05078125
2024-10-21,24956.150390625,24781.099609375
2024-10-22,24798.650390625,24472.099609375
2024-10-23,24378.150390625,24435.5
2024-10-24,24412.69921875,24399.400390625
2024-10-25,24418.05078125,24180.80078125
2024-10-28,24251.099609375,24339.150390625
2024-10-29,24328.849609375,24466.849609375
2024-10-30,24371.44921875,24340.849609375
2024-10-31,24349.849609375,24205.349609375
2024-11-01,24302.75,24304.349609375
2024-11-04,24315.75,23995.349609375
2024-11-05,23916.5,24213.30078125
2024-11-06,24308.75,24484.05078125
2024-11-07,24489.599609375,24199.349609375
2024-11-08,24207.69921875,24148.19921875
2024-11-11,24087.25,24141.30078125
2024-11-12,24225.80078125,23883.44921875
2024-11-13,23822.44921875,23559.05078125
2024-11-14,23542.150390625,23532.69921875
2024-11-18,23605.30078125,23453.80078125
2024-11-19,23529.55078125,23518.5
2024-11-21,23488.44921875,23349.900390625
2024-11-22,23411.80078125,23907.25
2024-11-25,24253.55078125,24221.900390625
2024-11-26,24343.30078125,24194.5
2024-11-27,24204.80078125,24274.900390625
2024-11-28,24274.150390625,23914.150390625
2024-11-29,23927.150390625,24131.099609375
2024-12-02,24140.849609375,24276.05078125
2024-12-03,24367.5,24457.150390625
2024-12-04,24488.75,24467.44921875
2024-12-05,24539.150390625,24708.400390625
2024-12-06,24729.44921875,24677.80078125
2024-12-09,24633.900390625,24619.0
2024-12-10,24652.650390625,24610.05078125
2024-12-11,24620.5,24641.80078125
2024-12-12,24604.44921875,24548.69921875
2024-12-13,24498.349609375,24768.30078125
2024-12-16,24753.400390625,24668.25
2024-12-17,24584.80078125,24336.0
2024-12-18,24297.94921875,24198.849609375
2024-12-19,23877.150390625,23951.69921875
2024-12-20,23960.69921875,23587.5
2024-12-23,23738.19921875,23753.44921875
2024-12-24,23769.099609375,23727.650390625
2024-12-26,23775.80078125,23750.19921875
2024-12-27,23801.400390625,23813.400390625
2024-12-30,23796.900390625,23644.900390625
2024-12-31,23560.599609375,23644.80078125
2025-01-01,23637.650390625,23742.900390625
2025-01-02,23783.0,24188.650390625
2025-01-03,24196.400390625,24004.75
2025-01-06,24045.80078125,23616.05078125
2025-01-07,23679.900390625,23707.900390625
2025-01-08,23746.650390625,23688.94921875
2025-01-09,23674.75,23526.5
2025-01-10,23551.900390625,23431.5
2025-01-13,23195.400390625,23085.94921875
2025-01-14,23165.900390625,23176.05078125
2025-01-15,23250.44921875,23213.19921875
2025-01-16,23377.25,23311.80078125
2025-01-17,23277.099609375,23203.19921875
2025-01-20,23290.400390625,23344.75
2025-01-21,23421.650390625,23024.650390625
2025-01-22,23099.150390625,23155.349609375
2025-01-23,23128.30078125,23205.349609375
2025-01-24,23183.900390625,23092.19921875
2025-01-27,22940.150390625,22829.150390625
2025-01-28,22960.44921875,22957.25
2025-01-29,23026.75,23163.099609375
2025-01-30,23169.5,23249.5
2025-01-31,23296.75,23508.400390625
2025-02-03,23319.349609375,23361.05078125
2025-02-04,23509.900390625,23739.25
2025-02-05,23801.75,23696.30078125
2025-02-06,23761.94921875,23603.349609375
2025-02-07,23649.5,23559.94921875
2025-02-10,23543.80078125,23381.599609375
2025-02-11,23383.55078125,23071.80078125
2025-02-12,23050.80078125,23045.25
2025-02-13,23055.75,23031.400390625
2025-02-14,23096.44921875,22929.25
2025-02-17,22809.900390625,22959.5
2025-02-18,22963.650390625,22945.30078125
2025-02-19,22847.25,22932.900390625
2025-02-20,22821.099609375,22913.150390625
2025-02-21,22857.19921875,22795.900390625
2025-02-24,22609.349609375,22553.349609375
2025-02-25,22516.44921875,22547.55078125
2025-02-27,22568.94921875,22545.05078125
2025-02-28,22433.400390625,22124.69921875
2025-03-03,22194.55078125,22119.30078125
2025-03-04,21974.44921875,22082.650390625
2025-03-05,22073.05078125,22337.30078125
2025-03-06,22476.349609375,22544.69921875
2025-03-07,22508.650390625,22552.5
2025-03-10,22521.849609375,22460.30078125
2025-03-11,22345.94921875,22497.900390625
2025-03-12,22536.349609375,22470.5
2025-03-13,22541.5,22397.19921875
2025-03-17,22353.150390625,22508.75
2025-03-18,22662.25,22834.30078125
2025-03-19,22874.94921875,22907.599609375
2025-03-20,23036.599609375,23190.650390625
2025-03-21,23168.25,23350.400390625
2025-03-24,23515.400390625,23658.349609375
2025-03-25,23751.5,23668.650390625
2025-03-26,23700.94921875,23486.849609375
2025-03-27,23433.94921875,23591.94921875
2025-03-28,23600.400390625,23519.349609375
2025-04-01,23341.099609375,23165.69921875
2025-04-02,23192.599609375,23332.349609375
2025-04-03,23150.30078125,23250.099609375
2025-04-04,23190.400390625,22904.44921875
2025-04-07,21758.400390625,22161.599609375
2025-04-08,22446.75,22535.849609375
2025-04-09,22460.30078125,22399.150390625
2025-04-11,22695.400390625,22828.55078125
2025-04-15,23368.349609375,23328.55078125
2025-04-16,23344.099609375,23437.19921875
2025-04-17,23401.849609375,23851.650390625
2025-04-21,23949.150390625,24125.55078125
2025-04-22,24185.400390625,24167.25
2025-04-23,24357.599609375,24328.94921875
2025-04-24,24277.900390625,24246.69921875
2025-04-25,24289.0,24039.349609375
2025-04-28,24070.25,24328.5
2025-04-29,24370.69921875,24335.94921875
