Date,HSI_Open,HSI_Close
03-01-2017,21993.35938,22150.40039
04-01-2017,22201.08008,22134.4707
05-01-2017,22302.64063,22456.68945
06-01-2017,22583.28906,22503.00977
09-01-2017,22561.10938,22558.68945
10-01-2017,22561.16992,22744.84961
11-01-2017,22816.00977,22935.34961
12-01-2017,22956.43945,22829.01953
13-01-2017,22879.57031,22937.38086
16-01-2017,22895.35938,22718.15039
17-01-2017,22819.86914,22840.9707
18-01-2017,22889.33008,23098.25977
19-01-2017,23104.34961,23049.96094
20-01-2017,22966.5293,22885.91016
23-01-2017,22926.30078,22898.51953
24-01-2017,22965.25,22949.85938
25-01-2017,23066.40039,23049.11914
26-01-2017,23173.46094,23374.16992
27-01-2017,23339.15039,23360.7793
01-02-2017,23211.88086,23318.39063
02-02-2017,23309.46094,23184.51953
03-02-2017,23216.9707,23129.21094
06-02-2017,23239.28906,23348.24023
07-02-2017,23287.89063,23331.57031
08-02-2017,23284.75977,23485.13086
09-02-2017,23533.51953,23525.14063
10-02-2017,23645.90039,23574.98047
13-02-2017,23664.5293,23710.98047
14-02-2017,23695.28906,23703.00977
15-02-2017,23771.94922,23994.86914
16-02-2017,24139.31055,24107.69922
17-02-2017,24077.86914,24033.74023
20-02-2017,24066,24146.08008
21-02-2017,24174.10938,23963.63086
22-02-2017,24059.08984,24201.96094
23-02-2017,24122.17969,24114.85938
24-02-2017,24115.60938,23965.69922
27-02-2017,23941.81055,23925.05078
28-02-2017,23952.64063,23740.73047
01-03-2017,23849.2207,23776.49023
02-03-2017,24044.48047,23728.07031
03-03-2017,23618.35938,23552.7207
06-03-2017,23600.49023,23596.2793
07-03-2017,23630.34961,23681.07031
08-03-2017,23627.2793,23782.26953
09-03-2017,23667.76953,23501.56055
10-03-2017,23534.98047,23568.66992
13-03-2017,23643.30078,23829.66992
14-03-2017,23871,23827.94922
15-03-2017,23705.07031,23792.84961
16-03-2017,24101.98047,24288.2793
17-03-2017,24376.13086,24309.92969
20-03-2017,24312.57031,24501.99023
21-03-2017,24565.73047,24593.11914
22-03-2017,24336.33008,24320.41016
23-03-2017,24381.03906,24327.69922
24-03-2017,24396.41016,24358.26953
27-03-2017,24235.68945,24193.69922
28-03-2017,24329.16992,24345.86914
29-03-2017,24470.66016,24392.05078
30-03-2017,24429.11914,24301.08984
31-03-2017,24305.5293,24111.58984
03-04-2017,24236.56055,24261.48047
05-04-2017,24370.94922,24400.80078
06-04-2017,24310.41016,24273.7207
07-04-2017,24247.00977,24267.30078
10-04-2017,24302.00977,24262.17969
11-04-2017,24280.86914,24088.46094
12-04-2017,24068.91016,24313.5
13-04-2017,24173.41992,24261.66016
18-04-2017,24268.16992,23924.53906
19-04-2017,23875.98047,23825.88086
20-04-2017,23851.01953,24056.98047
21-04-2017,24143.03906,24042.01953
24-04-2017,24185.75977,24139.48047
25-04-2017,24204.7793,24455.93945
26-04-2017,24563.25,24578.42969
27-04-2017,24663.09961,24698.48047
28-04-2017,24691.28906,24615.13086
02-05-2017,24773.80078,24696.13086
04-05-2017,24680.44922,24683.88086
05-05-2017,24625.34961,24476.34961
08-05-2017,24604.28906,24577.91016
09-05-2017,24656.94922,24889.0293
10-05-2017,24931.82031,25015.41992
11-05-2017,25101.5293,25125.55078
12-05-2017,25126.48047,25156.33984
15-05-2017,25233.31055,25371.58984
16-05-2017,25413.34961,25335.93945
17-05-2017,25355.75977,25293.63086
18-05-2017,25034.18945,25136.51953
19-05-2017,25171.66016,25174.86914
22-05-2017,25318.28906,25391.33984
23-05-2017,25415.57031,25403.15039
24-05-2017,25382.25977,25428.5
25-05-2017,25511.46094,25630.7793
26-05-2017,25670.98047,25639.26953
29-05-2017,25672.40039,25701.63086
31-05-2017,25706.44922,25660.65039
01-06-2017,25736.34961,25809.2207
02-06-2017,25926.06055,25924.05078
05-06-2017,25976.35938,25862.99023
06-06-2017,25819.5293,25997.14063
07-06-2017,26025.21094,25974.16016
08-06-2017,25974,26063.06055
09-06-2017,26090.33008,26030.28906
12-06-2017,25925.44922,25708.03906
13-06-2017,25826.51953,25852.09961
14-06-2017,25915.46094,25875.90039
15-06-2017,25772.2793,25565.33984
16-06-2017,25601.81055,25626.49023
19-06-2017,25736.19922,25924.55078
20-06-2017,26028.42969,25843.03906
21-06-2017,25752.26953,25694.58008
22-06-2017,25597.46094,25674.5293
23-06-2017,25724.2793,25670.05078
26-06-2017,25727.92969,25871.89063
27-06-2017,25911.19922,25839.99023
28-06-2017,25735.21094,25683.5
29-06-2017,25872.92969,25965.41992
30-06-2017,25679.64063,25764.58008
03-07-2017,25654.76953,25784.16992
04-07-2017,25782.84961,25389.00977
05-07-2017,25354.38086,25521.9707
06-07-2017,25574.57031,25465.2207
07-07-2017,25377.21094,25340.84961
10-07-2017,25392.0293,25500.06055
11-07-2017,25605.18945,25877.64063
12-07-2017,25991.34961,26043.64063
13-07-2017,26340.28906,26346.16992
14-07-2017,26416.67969,26389.23047
17-07-2017,26572.91992,26470.58008
18-07-2017,26489.51953,26524.93945
19-07-2017,26561.81055,26672.16016
20-07-2017,26770.48047,26740.21094
21-07-2017,26777.43945,26706.08984
24-07-2017,26720.03906,26846.83008
25-07-2017,26847.58008,26852.05078
26-07-2017,26960.81055,26941.01953
27-07-2017,27002.69922,27131.16992
28-07-2017,27007.9707,26979.39063
31-07-2017,27048.44922,27323.99023
01-08-2017,27326.03906,27540.23047
02-08-2017,27645.2793,27607.38086
03-08-2017,27533.50977,27531.00977
04-08-2017,27564.71094,27562.67969
07-08-2017,27665.71094,27690.35938
08-08-2017,27684.59961,27854.91016
09-08-2017,27760.08008,27757.08984
10-08-2017,27791.35938,27444
11-08-2017,27000.42969,26883.50977
14-08-2017,27091.76953,27250.23047
15-08-2017,27371.25,27174.96094
16-08-2017,27238.81055,27409.07031
17-08-2017,27610.28906,27344.2207
18-08-2017,26999.59961,27047.57031
21-08-2017,27100.63086,27154.67969
22-08-2017,27322.19922,27401.66992
24-08-2017,27642.23047,27518.59961
25-08-2017,27539.10938,27848.16016
28-08-2017,27905.58984,27863.28906
29-08-2017,27744.58008,27765.00977
30-08-2017,27957.74023,28094.60938
31-08-2017,27934.44922,27970.30078
01-09-2017,28015.2207,27953.16016
04-09-2017,27881.71094,27740.25977
05-09-2017,27797.43945,27741.34961
06-09-2017,27671.56055,27613.75977
07-09-2017,27817.86914,27522.91992
08-09-2017,27571.58984,27668.4707
11-09-2017,27877.68945,27955.13086
12-09-2017,28068.69922,27972.24023
13-09-2017,27984.26953,27894.08008
14-09-2017,27788.83984,27777.19922
15-09-2017,27736.59961,27807.58984
18-09-2017,27971.36914,28159.76953
19-09-2017,28200.53906,28051.41016
20-09-2017,28099.28906,28127.80078
21-09-2017,28091.24023,28110.33008
22-09-2017,27949.83008,27880.5293
25-09-2017,27851.53906,27500.33984
26-09-2017,27308.60938,27513.00977
27-09-2017,27503.05078,27642.42969
28-09-2017,27661.26953,27421.59961
29-09-2017,27492.13086,27554.30078
03-10-2017,27884.21094,28173.21094
04-10-2017,28311.26953,28379.17969
06-10-2017,28626.41016,28458.03906
09-10-2017,28440.16992,28326.58984
10-10-2017,28334.91992,28490.83008
11-10-2017,28622.00977,28389.57031
12-10-2017,28431.05078,28459.0293
13-10-2017,28423.65039,28476.42969
16-10-2017,28661.98047,28692.80078
17-10-2017,28777.17969,28697.49023
18-10-2017,28636.19922,28711.75977
19-10-2017,28783.84961,28159.08984
20-10-2017,28360.01953,28487.24023
23-10-2017,28557.80078,28305.88086
24-10-2017,28232.61914,28154.9707
25-10-2017,28238.84961,28302.89063
26-10-2017,28165.60938,28202.38086
27-10-2017,28332.91016,28438.84961
30-10-2017,28585.15039,28336.18945
31-10-2017,28247,28245.53906
01-11-2017,28387.55078,28594.06055
02-11-2017,28604.94922,28518.64063
03-11-2017,28603.50977,28603.60938
06-11-2017,28616.34961,28596.80078
07-11-2017,28715.40039,28994.33984
08-11-2017,28950.5,28907.59961
09-11-2017,28987.78906,29136.57031
10-11-2017,29060.13086,29120.91992
13-11-2017,29058.23047,29182.17969
14-11-2017,29272.09961,29152.11914
15-11-2017,29026.10938,28851.68945
16-11-2017,28963.76953,29018.75977
17-11-2017,29214.35938,29199.03906
20-11-2017,29227.08008,29260.31055
21-11-2017,29369.68945,29818.07031
22-11-2017,30087.18945,30003.49023
23-11-2017,30033.17969,29707.93945
24-11-2017,29788.17969,29866.32031
27-11-2017,29857.65039,29686.18945
28-11-2017,29608.64063,29680.84961
29-11-2017,29813.93945,29623.83008
30-11-2017,29340.26953,29177.34961
01-12-2017,29261.31055,29074.24023
04-12-2017,28951.18945,29138.2793
05-12-2017,28898.58008,28842.80078
06-12-2017,28850.35938,28224.80078
07-12-2017,28366.14063,28303.18945
08-12-2017,28400.00977,28639.84961
11-12-2017,28645.41016,28965.28906
12-12-2017,28972.74023,28793.88086
13-12-2017,28856.7793,29222.09961
14-12-2017,29335.75977,29166.38086
15-12-2017,29000.10938,28848.10938
18-12-2017,28923.5293,29050.41016
19-12-2017,29193.74023,29253.66016
20-12-2017,29199.28906,29234.08984
21-12-2017,29209.64063,29367.06055
22-12-2017,29505.05078,29578.00977
27-12-2017,29632.9707,29597.66016
28-12-2017,29684.78906,29863.71094
29-12-2017,29914.05078,29919.15039
02-01-2018,30028.28906,30515.31055
03-01-2018,30658.73047,30560.94922
04-01-2018,30691.71094,30736.48047
05-01-2018,30893.85938,30814.64063
08-01-2018,30895.08984,30899.5293
09-01-2018,30933.50977,31011.41016
10-01-2018,31009.24023,31073.7207
11-01-2018,31066.21094,31120.39063
12-01-2018,31298.05078,31412.53906
15-01-2018,31702.56055,31338.86914
16-01-2018,31423.61914,31904.75
17-01-2018,31825.51953,31983.41016
18-01-2018,32148.44922,32121.93945
19-01-2018,32142.16016,32254.89063
22-01-2018,32276.96094,32393.41016
23-01-2018,32606.14063,32930.69922
24-01-2018,32907.23047,32958.69141
25-01-2018,32979.37891,32654.44922
26-01-2018,32836.28125,33154.12109
29-01-2018,33335.48047,32966.89063
30-01-2018,32751.7207,32607.28906
31-01-2018,32435.75977,32887.26953
01-02-2018,32950.30078,32642.08984
02-02-2018,32569.00977,32601.7793
05-02-2018,31715.56055,32245.2207
06-02-2018,31028.67969,30595.41992
07-02-2018,31378.34961,30323.19922
08-02-2018,30555.80078,30451.26953
09-02-2018,29679.21094,29507.41992
12-02-2018,29713.08008,29459.63086
13-02-2018,29850.15039,29839.5293
14-02-2018,30024.4707,30515.59961
15-02-2018,30958.71094,31115.42969
20-02-2018,31165.28906,30873.63086
21-02-2018,31050.51953,31431.89063
22-02-2018,31084.44922,30965.67969
23-02-2018,31289.08008,31267.16992
26-02-2018,31528.28906,31498.59961
27-02-2018,31790.84961,31268.66016
28-02-2018,31037.41016,30844.7207
01-03-2018,30476.99023,31044.25
02-03-2018,30611.09961,30583.44922
05-03-2018,30524.25977,29886.39063
06-03-2018,30380.96094,30510.73047
07-03-2018,30323.76953,30196.91992
08-03-2018,30523.67969,30654.51953
09-03-2018,30858.26953,30996.21094
12-03-2018,31536.30078,31594.33008
13-03-2018,31570.19922,31601.44922
14-03-2018,31321.78906,31435.00977
15-03-2018,31181.15039,31541.09961
16-03-2018,31363.0293,31501.9707
19-03-2018,31370.4707,31513.75977
20-03-2018,31315.41992,31549.92969
21-03-2018,31811.98047,31414.51953
22-03-2018,31575.92969,31071.05078
23-03-2018,29930.23047,30309.28906
26-03-2018,30267.07031,30548.76953
27-03-2018,30985.75,30790.83008
28-03-2018,30510.38086,30022.5293
29-03-2018,30154.17969,30093.38086
03-04-2018,29927.88086,30180.09961
04-04-2018,30244.2207,29518.68945
06-04-2018,29750.24023,29844.93945
09-04-2018,30104.32031,30229.58008
10-04-2018,30205.08984,30728.74023
11-04-2018,30761.23047,30897.71094
12-04-2018,31094.10938,30831.2793
13-04-2018,31076.75977,30808.38086
16-04-2018,30849.7207,30315.58984
17-04-2018,30354.89063,30062.75
18-04-2018,30469.94922,30284.25
19-04-2018,30532.94922,30708.43945
20-04-2018,30647.93945,30418.33008
23-04-2018,30327.0293,30254.40039
24-04-2018,30353.83008,30636.24023
25-04-2018,30486.85938,30328.15039
26-04-2018,30378.15039,30007.67969
27-04-2018,30300.83008,30280.66992
30-04-2018,30530.40039,30808.44922
02-05-2018,30782.21094,30723.88086
03-05-2018,30405.48047,30313.36914
04-05-2018,30316.98047,29926.5
07-05-2018,30102.06055,29994.25977
08-05-2018,30123.76953,30402.81055
09-05-2018,30452.16016,30536.14063
10-05-2018,30716.9707,30809.2207
11-05-2018,31151.80078,31122.06055
14-05-2018,31498.35938,31541.08008
15-05-2018,31573.17969,31152.0293
16-05-2018,31014.7207,31110.19922
17-05-2018,31416.71094,30942.15039
18-05-2018,31033.9707,31047.91016
21-05-2018,31232.78906,31234.34961
23-05-2018,31191.86914,30665.64063
24-05-2018,30718.66016,30760.41016
25-05-2018,30664.26953,30588.03906
28-05-2018,30759.83984,30792.25977
29-05-2018,30647.25977,30484.58008
30-05-2018,30109.36914,30056.78906
31-05-2018,30274.17969,30468.56055
01-06-2018,30548.7793,30492.91016
04-06-2018,30836.76953,30997.98047
05-06-2018,31009.4707,31093.44922
06-06-2018,31162.01953,31259.09961
07-06-2018,31464.63086,31512.63086
08-06-2018,31435.25977,30958.21094
11-06-2018,31016.51953,31063.69922
12-06-2018,31029.84961,31103.06055
13-06-2018,30990.36914,30725.15039
14-06-2018,30684.07031,30440.16992
15-06-2018,30411.07031,30309.49023
19-06-2018,29999.00977,29468.15039
20-06-2018,29478.46094,29696.16992
21-06-2018,29764.05078,29296.05078
22-06-2018,29215.53906,29338.69922
25-06-2018,29326.11914,28961.39063
26-06-2018,28881.17969,28881.40039
27-06-2018,28957.64063,28356.25977
28-06-2018,28368.00977,28497.32031
29-06-2018,28463.84961,28955.10938
03-07-2018,28617,28545.57031
04-07-2018,28546.32031,28241.66992
05-07-2018,28101.84961,28182.08984
06-07-2018,28254.36914,28315.61914
09-07-2018,28606.16016,28688.5
10-07-2018,28900.71094,28682.25
11-07-2018,28013.7207,28311.68945
12-07-2018,28260.08984,28480.83008
13-07-2018,28689.17969,28525.43945
16-07-2018,28580.96094,28539.66016
17-07-2018,28451.5,28181.67969
18-07-2018,28352.10938,28117.41992
19-07-2018,28251.16016,28010.85938
20-07-2018,28054.75977,28224.48047
23-07-2018,28298.60938,28256.11914
24-07-2018,28282.30078,28662.57031
25-07-2018,28906.9707,28920.90039
26-07-2018,29083.40039,28781.14063
27-07-2018,28734.73047,28804.2793
30-07-2018,28631.05078,28733.13086
31-07-2018,28663.14063,28583.00977
01-08-2018,28756.7207,28340.74023
02-08-2018,28159.00977,27714.56055
03-08-2018,27751.59961,27676.32031
06-08-2018,27885.50977,27819.56055
07-08-2018,27889.43945,28248.88086
08-08-2018,28473.48047,28359.14063
09-08-2018,28260.5,28607.30078
10-08-2018,28614.73047,28366.61914
13-08-2018,27956.7793,27936.57031
14-08-2018,27938.32031,27752.92969
15-08-2018,27724.7207,27323.58984
16-08-2018,26871.10938,27100.06055
17-08-2018,27388.57031,27213.41016
20-08-2018,27273.7793,27598.01953
21-08-2018,27670.53906,27752.78906
22-08-2018,27836.67969,27927.58008
23-08-2018,28005.33008,27790.46094
24-08-2018,27565.98047,27671.86914
27-08-2018,28016.66016,28271.26953
28-08-2018,28530.89063,28351.61914
29-08-2018,28362.83984,28416.43945
30-08-2018,28533.92969,28164.05078
31-08-2018,27798.21094,27888.55078
03-09-2018,27809.44922,27712.53906
04-09-2018,27619.17969,27973.33984
05-09-2018,27789.01953,27243.84961
06-09-2018,27069.21094,26974.82031
07-09-2018,26895.86914,26973.4707
10-09-2018,26922.26953,26613.41992
11-09-2018,26611.92969,26422.55078
12-09-2018,26462.82031,26345.03906
13-09-2018,26798.39063,27014.49023
14-09-2018,27229.78906,27286.41016
17-09-2018,27029.91016,26932.84961
18-09-2018,26846.33008,27084.66016
19-09-2018,27170.01953,27407.36914
20-09-2018,27605.7207,27477.66992
21-09-2018,27712.34961,27953.58008
24-09-2018,27783.84961,27499.39063
26-09-2018,27606.81055,27816.86914
27-09-2018,27912.50977,27715.66992
28-09-2018,27879.06055,27788.51953
02-10-2018,27716.16016,27126.38086
03-10-2018,26840.19922,27091.25977
04-10-2018,27029.40039,26623.86914
05-10-2018,26503.75,26572.57031
08-10-2018,26717.59961,26202.57031
09-10-2018,26194.16992,26172.91016
10-10-2018,26281.2793,26193.07031
11-10-2018,25392.90039,25266.36914
12-10-2018,25401.41016,25801.49023
15-10-2018,25683.58984,25445.06055
16-10-2018,25586.16016,25462.25977
18-10-2018,25674.66016,25454.55078
19-10-2018,25172.0293,25561.40039
22-10-2018,25668.33008,26153.15039
23-10-2018,26015.49023,25346.55078
24-10-2018,25401.16992,25249.7793
25-10-2018,24766.7207,24994.46094
26-10-2018,25031.49023,24717.63086
29-10-2018,24955.78906,24812.03906
30-10-2018,24765.11914,24585.5293
31-10-2018,24752.83008,24979.68945
01-11-2018,25228.75,25416
02-11-2018,25980.43945,26486.34961
05-11-2018,26050.33984,25934.39063
06-11-2018,26062.24023,26120.96094
07-11-2018,26125.08984,26147.68945
08-11-2018,26491.26953,26227.7207
09-11-2018,25925.08984,25601.91992
12-11-2018,25576.2793,25633.17969
13-11-2018,25092.30078,25792.86914
14-11-2018,25874.35938,25654.42969
15-11-2018,25862.17969,26103.33984
16-11-2018,26041.56055,26183.5293
19-11-2018,26278.86914,26372
20-11-2018,26043.50977,25840.33984
21-11-2018,25496.84961,25971.4707
22-11-2018,26139.39063,26019.41016
23-11-2018,25950.07031,25927.67969
26-11-2018,26099.34961,26376.17969
27-11-2018,26345.36914,26331.96094
28-11-2018,26406.67969,26682.56055
29-11-2018,26904.21094,26451.0293
30-11-2018,26506.08984,26506.75
03-12-2018,27185.66016,27182.03906
04-12-2018,27119.18945,27260.43945
05-12-2018,26745.68945,26819.67969
06-12-2018,26349.41992,26156.38086
07-12-2018,26249.81055,26063.75977
10-12-2018,25794.94922,25752.38086
11-12-2018,25623.40039,25771.66992
12-12-2018,26054.00977,26186.71094
13-12-2018,26417.89063,26524.34961
14-12-2018,26219,26094.78906
17-12-2018,26178.03906,26087.98047
18-12-2018,25903.98047,25814.25
19-12-2018,25860.67969,25865.39063
20-12-2018,25723.5293,25623.5293
21-12-2018,25512.30078,25753.41992
24-12-2018,25515.40039,25651.38086
27-12-2018,25818.81055,25478.88086
28-12-2018,25502.33984,25504.19922
31-12-2018,25732.51953,25845.69922
02-01-2019,25824.43945,25130.34961
03-01-2019,25077.67969,25064.35938
04-01-2019,24946.11914,25626.0293
07-01-2019,26015.83984,25835.69922
08-01-2019,25852.5,25875.44922
09-01-2019,26237.28906,26462.32031
10-01-2019,26391.7793,26521.42969
11-01-2019,26692.01953,26667.26953
14-01-2019,26559.67969,26298.33008
15-01-2019,26518.61914,26830.28906
16-01-2019,26702.92969,26902.09961
17-01-2019,26953.21094,26755.63086
18-01-2019,26993.43945,27090.81055
21-01-2019,27134.26953,27196.53906
22-01-2019,27189.40039,27005.44922
23-01-2019,26879.91016,27008.19922
24-01-2019,27075.36914,27120.98047
25-01-2019,27282.88086,27569.18945
28-01-2019,27695.81055,27576.96094
29-01-2019,27397.53906,27531.67969
30-01-2019,27571.41016,27642.84961
31-01-2019,27842.05078,27942.4707
01-02-2019,28193.2793,27930.74023
04-02-2019,27985.41992,27990.21094
08-02-2019,27708.13086,27946.32031
11-02-2019,27927.44922,28143.83984
12-02-2019,28093.31055,28171.33008
13-02-2019,28184.86914,28497.58984
14-02-2019,28396.40039,28432.05078
15-02-2019,28241.43945,27900.83984
18-02-2019,28186.75,28347.00977
19-02-2019,28440.49023,28228.13086
20-02-2019,28404.67969,28514.05078
21-02-2019,28450,28629.91992
22-02-2019,28478.96094,28816.30078
25-02-2019,28975.51953,28959.30078
26-02-2019,28971.23047,28772.06055
27-02-2019,28833.16016,28757.43945
28-02-2019,28719.71094,28633.17969
01-03-2019,28716.59961,28812.16992
04-03-2019,28855.10938,28959.58984
05-03-2019,28823.16016,28961.59961
06-03-2019,29003.25,29037.59961
07-03-2019,28965.41992,28779.44922
08-03-2019,28409.14063,28228.41992
11-03-2019,28265.84961,28503.30078
12-03-2019,28920.86914,28920.86914
13-03-2019,28924.2793,28807.44922
14-03-2019,28891.06055,28851.39063
15-03-2019,28843.85938,29012.25977
18-03-2019,29112.43945,29409.00977
19-03-2019,29419.14063,29466.2793
20-03-2019,29357.18945,29320.9707
21-03-2019,29387.75,29071.56055
22-03-2019,29173.33008,29113.35938
25-03-2019,28501.36914,28523.34961
26-03-2019,28677.75977,28566.91016
27-03-2019,28564.71094,28728.25
28-03-2019,28663.19922,28775.21094
29-03-2019,28812.64063,29051.35938
01-04-2019,29383.7207,29562.01953
02-04-2019,29736.99023,29624.66992
03-04-2019,29785.26953,29986.39063
04-04-2019,29950.41992,29936.32031
08-04-2019,30119.58008,30077.15039
09-04-2019,30065.99023,30157.49023
10-04-2019,30052.26953,30119.56055
11-04-2019,30138.14063,29839.44922
12-04-2019,29806.34961,29909.75977
15-04-2019,30119.84961,29810.7207
16-04-2019,29754.30078,30129.86914
17-04-2019,30160.68945,30124.67969
18-04-2019,30088.65039,29963.25977
23-04-2019,29782.94922,29963.24023
24-04-2019,30112.18945,29805.83008
25-04-2019,29667.51953,29549.80078
26-04-2019,29513.08008,29605.00977
29-04-2019,29730.84961,29892.81055
30-04-2019,29828.15039,29699.10938
02-05-2019,29643.05078,29944.17969
03-05-2019,29818.48047,30081.55078
06-05-2019,29342.38086,29209.82031
07-05-2019,29313.58008,29363.01953
08-05-2019,28987.08984,29003.19922
09-05-2019,28839.34961,28311.07031
10-05-2019,28462.33984,28550.24023
14-05-2019,27951.11914,28122.01953
15-05-2019,28171.32031,28268.71094
16-05-2019,28117.48047,28275.07031
17-05-2019,28428,27946.46094
20-05-2019,27959.23047,27787.60938
21-05-2019,27671.40039,27657.24023
22-05-2019,27753.53906,27705.93945
23-05-2019,27505.5293,27267.13086
24-05-2019,27368.67969,27353.92969
27-05-2019,27239.08008,27288.08984
28-05-2019,27274.83008,27390.81055
29-05-2019,27226.94922,27235.71094
30-05-2019,27319.25,27114.88086
31-05-2019,27002.96094,26901.08984
03-06-2019,26909.71094,26893.85938
04-06-2019,26994.08008,26761.51953
05-06-2019,27116.08008,26895.43945
06-06-2019,26935.86914,26965.2793
10-06-2019,27206.60938,27578.64063
11-06-2019,27677.06055,27789.33984
12-06-2019,27603.11914,27308.46094
13-06-2019,27217.7207,27294.71094
14-06-2019,27180.74023,27118.34961
17-06-2019,27252.44922,27227.16016
18-06-2019,27289.69922,27498.76953
19-06-2019,28224.86914,28202.14063
20-06-2019,28308.84961,28550.42969
21-06-2019,28581.50977,28473.71094
24-06-2019,28400.63086,28513
25-06-2019,28447.96094,28185.98047
26-06-2019,28046.16016,28221.98047
27-06-2019,28352.93945,28621.41992
28-06-2019,28632.58984,28542.61914
02-07-2019,28904.03906,28875.56055
03-07-2019,28781.9707,28855.14063
04-07-2019,28891.9707,28795.76953
05-07-2019,28785.5293,28774.83008
08-07-2019,28513.14063,28331.68945
09-07-2019,28299.73047,28116.2793
10-07-2019,28245.08984,28204.68945
11-07-2019,28347.85938,28431.80078
12-07-2019,28401.86914,28471.61914
15-07-2019,28303.35938,28554.88086
16-07-2019,28583.92969,28619.61914
17-07-2019,28463.76953,28593.16992
18-07-2019,28393.03906,28461.66016
19-07-2019,28585.15039,28765.40039
22-07-2019,28612.2793,28371.25977
23-07-2019,28392.03906,28466.48047
24-07-2019,28578.14063,28524.03906
25-07-2019,28575.49023,28594.30078
26-07-2019,28406.07031,28397.74023
29-07-2019,28262.80078,28106.41016
30-07-2019,28059.82031,28146.5
31-07-2019,27931.2793,27777.75
01-08-2019,27582.21094,27565.69922
02-08-2019,26950.5293,26918.58008
05-08-2019,26480.4707,26151.32031
06-08-2019,25472.42969,25976.24023
07-08-2019,25977.7207,25997.0293
08-08-2019,25999.44922,26120.76953
09-08-2019,26278.91992,25939.30078
12-08-2019,25869.48047,25824.7207
13-08-2019,25536.61914,25281.30078
14-08-2019,25711.09961,25302.2793
15-08-2019,24945.74023,25495.46094
16-08-2019,25484.96094,25734.2207
19-08-2019,25994.80078,26291.83984
20-08-2019,26256.53906,26231.53906
21-08-2019,26160.53906,26270.03906
22-08-2019,26272.91016,26048.7207
23-08-2019,26057.88086,26179.33008
26-08-2019,25322,25680.33008
27-08-2019,25715.98047,25664.07031
28-08-2019,25767.08008,25615.48047
29-08-2019,25606.33008,25703.5
30-08-2019,26011.64063,25724.73047
02-09-2019,25627.83008,25626.55078
03-09-2019,25546.32031,25527.84961
04-09-2019,25675.16016,26523.23047
05-09-2019,26512.85938,26515.5293
06-09-2019,26773.13086,26690.75977
09-09-2019,26743.35938,26681.40039
10-09-2019,26831.98047,26683.67969
11-09-2019,26790.64063,27159.06055
12-09-2019,27283.98047,27087.63086
13-09-2019,27154.50977,27352.68945
16-09-2019,27212.89063,27124.55078
17-09-2019,26942.96094,26790.24023
18-09-2019,26838.42969,26754.11914
19-09-2019,26820.73047,26468.94922
20-09-2019,26532.88086,26435.66992
23-09-2019,26463.61914,26222.40039
24-09-2019,26300.21094,26281
25-09-2019,26162.71094,25945.34961
26-09-2019,26075.15039,26041.92969
27-09-2019,25977.98047,25954.81055
30-09-2019,25844.71094,26092.26953
02-10-2019,25901.4707,26042.68945
03-10-2019,25831.43945,26110.31055
04-10-2019,26169.50977,25821.0293
08-10-2019,25848.73047,25893.40039
09-10-2019,25736.88086,25682.81055
10-10-2019,25625.57031,25707.92969
11-10-2019,25986.82031,26308.43945
14-10-2019,26520.92969,26521.84961
15-10-2019,26609.13086,26503.92969
16-10-2019,26553.90039,26664.2793
17-10-2019,26809.03906,26848.49023
18-10-2019,26910.55078,26719.58008
21-10-2019,26715.2207,26725.67969
22-10-2019,26813.81055,26786.19922
23-10-2019,26771.98047,26566.73047
24-10-2019,26651.0293,26797.94922
25-10-2019,26795.64063,26667.39063
28-10-2019,26770.10938,26891.25977
29-10-2019,27027.56055,26786.75977
30-10-2019,26766.98047,26667.71094
31-10-2019,26708.44922,26906.7207
01-11-2019,26806.43945,27100.75977
04-11-2019,27299.88086,27547.30078
05-11-2019,27601.09961,27683.40039
06-11-2019,27636.33008,27688.64063
07-11-2019,27690.59961,27847.23047
08-11-2019,27894.56055,27651.14063
11-11-2019,27361.41016,26926.55078
12-11-2019,27064.25977,27065.2793
13-11-2019,26761.16016,26571.46094
14-11-2019,26444.23047,26323.68945
15-11-2019,26529.94922,26326.66016
18-11-2019,26442.39063,26681.08984
19-11-2019,26671.32031,27093.80078
20-11-2019,26936.78906,26889.60938
21-11-2019,26587.58984,26466.88086
22-11-2019,26584.88086,26595.08008
25-11-2019,26873.34961,26993.03906
26-11-2019,27183.90039,26913.91992
27-11-2019,26943.51953,26954
28-11-2019,26763.63086,26893.73047
29-11-2019,26705.38086,26346.49023
02-12-2019,26475.33984,26444.7207
03-12-2019,26315.9707,26391.30078
04-12-2019,26071.39063,26062.56055
05-12-2019,26300.50977,26217.03906
06-12-2019,26345.19922,26498.36914
09-12-2019,26513.9707,26494.73047
10-12-2019,26378.99023,26436.61914
11-12-2019,26410.08984,26645.42969
12-12-2019,26837.93945,26994.14063
13-12-2019,27494.50977,27687.75977
16-12-2019,27530.5,27508.08984
17-12-2019,27630.68945,27843.71094
18-12-2019,27884.21094,27884.21094
19-12-2019,27908.7793,27800.49023
20-12-2019,27834.55078,27871.34961
23-12-2019,28024.61914,27906.41016
24-12-2019,27901.50977,27864.21094
27-12-2019,28033.66016,28225.41992
30-12-2019,28250.48047,28319.39063
31-12-2019,28241.42969,28189.75
02-01-2020,28249.36914,28543.51953
03-01-2020,28828.35938,28451.5
06-01-2020,28326.5,28226.18945
07-01-2020,28352.67969,28322.06055
08-01-2020,27999.58008,28087.91992
09-01-2020,28367.65039,28561
10-01-2020,28665.14063,28638.19922
13-01-2020,28772.36914,28954.93945
14-01-2020,29149.5293,28885.14063
15-01-2020,28891.07031,28773.58984
16-01-2020,28806.11914,28883.03906
17-01-2020,28988.16016,29056.41992
20-01-2020,29169.11914,28795.91016
21-01-2020,28449.38086,27985.33008
22-01-2020,28116.5,28341.03906
23-01-2020,28109.75,27909.11914
24-01-2020,27935.41992,27949.64063
29-01-2020,27101.53906,27160.63086
30-01-2020,27030.60938,26449.13086
31-01-2020,26757.60938,26312.63086
03-02-2020,26189.60938,26356.98047
04-02-2020,26491.66016,26675.98047
05-02-2020,26869.32031,26786.74023
06-02-2020,27174.5293,27493.69922
07-02-2020,27356.2793,27404.26953
10-02-2020,27092.15039,27241.33984
11-02-2020,27514.25,27583.88086
12-02-2020,27717.2207,27823.66016
13-02-2020,27953.65039,27730
14-02-2020,27698.56055,27815.59961
17-02-2020,27766.71094,27959.59961
18-02-2020,27766.5,27530.19922
19-02-2020,27486.46094,27655.81055
20-02-2020,27767.2793,27609.16016
21-02-2020,27450.46094,27308.81055
24-02-2020,27105.34961,26820.88086
25-02-2020,26722.39063,26893.23047
26-02-2020,26696.49023,26696.49023
27-02-2020,26529.16992,26778.61914
28-02-2020,26249.06055,26129.92969
02-03-2020,26077.73047,26291.67969
03-03-2020,26419.13086,26284.82031
04-03-2020,26321.56055,26222.07031
05-03-2020,26348.16016,26767.86914
06-03-2020,26397.7793,26146.66992
09-03-2020,25134.01953,25040.46094
10-03-2020,25285.67969,25392.50977
11-03-2020,25459.96094,25231.60938
12-03-2020,24657.66992,24309.07031
13-03-2020,22519.32031,24032.91016
16-03-2020,23317.81055,23063.57031
17-03-2020,23001.75977,23263.73047
18-03-2020,23023.33984,22291.82031
19-03-2020,22221.38086,21709.13086
20-03-2020,22147.33984,22805.07031
23-03-2020,21696.13086,21696.13086
24-03-2020,22497.57031,22663.49023
25-03-2020,23255.91016,23527.18945
26-03-2020,23604.83008,23352.33984
27-03-2020,23768.41016,23484.2793
30-03-2020,23020.84961,23175.10938
31-03-2020,23613.26953,23603.48047
01-04-2020,23365.90039,23085.78906
02-04-2020,22838.66992,23280.06055
03-04-2020,23072.94922,23236.10938
06-04-2020,23558.83008,23749.11914
07-04-2020,24093.05078,24253.28906
08-04-2020,24191.32031,23970.36914
09-04-2020,24181.32031,24300.33008
14-04-2020,24347.60938,24435.40039
15-04-2020,24499.85938,24145.33984
16-04-2020,24025.44922,24006.44922
17-04-2020,24457.83008,24380
20-04-2020,24503.56055,24330.01953
21-04-2020,24247.83984,23793.55078
22-04-2020,23540.53906,23893.35938
23-04-2020,23983.65039,23977.32031
24-04-2020,23844.55078,23831.33008
27-04-2020,24030.66016,24280.14063
28-04-2020,24401.11914,24575.96094
29-04-2020,24786.01953,24643.58984
04-05-2020,23895.10938,23613.80078
05-05-2020,23755.76953,23868.66016
06-05-2020,24137.48047,24137.48047
07-05-2020,24120.81055,23980.63086
08-05-2020,24193.35938,24230.16992
11-05-2020,24470.17969,24602.06055
12-05-2020,24358,24245.67969
13-05-2020,24111.66992,24180.30078
14-05-2020,24038.07031,23829.74023
15-05-2020,23834.67969,23797.4707
18-05-2020,23736.66992,23934.76953
19-05-2020,24489.55078,24388.13086
20-05-2020,24462.90039,24399.94922
21-05-2020,24528.91016,24280.0293
22-05-2020,23756.91016,22930.14063
25-05-2020,22725.69922,22952.24023
26-05-2020,23198.33984,23384.66016
27-05-2020,23515.14063,23301.35938
28-05-2020,23206.75,23132.75977
29-05-2020,22781.10938,22961.4707
